rows,dim,dtype,impl,ms,gbps
1024,64,f16,memcpy,0.008091520071029663,32.397373756577935
1024,64,f16,cublas,0.024435200691223145,10.728129607470718
1024,64,f16,ref_fht,0.028586881160736086,9.170080447952232
1024,64,f16,rotate+quant_fp8,0.11588800430297852,2.2620460294980025
1024,64,f16,rotate+quant_int4,0.17872896194458007,1.466712485474431
1024,64,bf16,memcpy,0.007758079767227173,33.78980467658859
1024,64,bf16,cublas,0.02605823993682861,10.059927325694275
1024,64,bf16,ref_fht,0.015382399559020996,17.04181450976976
1024,64,bf16,rotate+quant_fp8,0.16648000717163086,1.5746275150609843
1024,64,bf16,rotate+quant_int4,0.18002815246582032,1.4561278133972406
4096,64,f16,memcpy,0.010904959440231322,96.15588262818491
4096,64,f16,cublas,0.042224640846252444,24.833272207525813
4096,64,f16,ref_fht,0.026815359592437745,39.10355915181205
4096,64,f16,rotate+quant_fp8,0.15772416114807128,6.648163428909271
4096,64,f16,rotate+quant_int4,0.17406272888183594,6.0241270876077975
4096,64,bf16,memcpy,0.011722240447998047,89.4518419624363
4096,64,bf16,cublas,0.04234367847442627,24.763460279750944
4096,64,bf16,ref_fht,0.02914367914199829,35.9795341861598
4096,64,bf16,rotate+quant_fp8,0.11400383949279785,9.19772531052556
4096,64,bf16,rotate+quant_int4,0.12084863662719726,8.676771449517664
16384,64,f16,memcpy,0.00669439971446991,626.5392236639282
16384,64,f16,cublas,0.02364351987838745,177.397613450695
16384,64,f16,ref_fht,0.01897984027862549,220.98731803994662
16384,64,f16,rotate+quant_fp8,0.10224063873291016,41.023843864640284
16384,64,f16,rotate+quant_int4,0.10887680053710938,38.52339506036844
16384,64,bf16,memcpy,0.007985919713973999,525.2123925890066
16384,64,bf16,cublas,0.023860480785369873,175.78455512814938
16384,64,bf16,ref_fht,0.018985600471496583,220.92027093359422
16384,64,bf16,rotate+quant_fp8,0.10419263839721679,40.25528160645982
16384,64,bf16,rotate+quant_int4,0.11328703880310059,37.023688184576365
65536,64,f16,memcpy,0.010680960416793823,1570.7591214008198
65536,64,f16,cublas,0.03184767961502075,526.7955531707602
65536,64,f16,ref_fht,0.06799104213714599,246.75627071810968
65536,64,f16,rotate+quant_fp8,0.1658233642578125,101.17522385998491
65536,64,f16,rotate+quant_int4,0.1927686309814453,87.03291564909681
65536,64,bf16,memcpy,0.01092736005783081,1535.3402753464723
65536,64,bf16,cublas,0.03916543960571289,428.3678714933352
65536,64,bf16,ref_fht,0.06801343917846679,246.67501309523112
65536,64,bf16,rotate+quant_fp8,0.16956159591674805,98.94466909970188
65536,64,bf16,rotate+quant_int4,0.20318464279174805,82.57127984419388
262144,64,f16,memcpy,0.17338048934936523,387.06122154710425
262144,64,f16,cublas,0.1751091194152832,383.24025741256094
262144,64,f16,ref_fht,0.2704287910461426,248.1572459071097
262144,64,f16,rotate+quant_fp8,1.0133721923828125,66.22331311677524
262144,64,f16,rotate+quant_int4,1.2660006713867187,53.0085532470469
262144,64,bf16,memcpy,0.17250240325927735,389.0314727913266
262144,64,bf16,cublas,0.17864448547363282,375.65595054376854
262144,64,bf16,ref_fht,0.27878847122192385,240.7160658612004
262144,64,bf16,rotate+quant_fp8,1.0157625579833984,66.06747164734223
262144,64,bf16,rotate+quant_int4,1.2660281372070312,53.007403254123574
1024,128,f16,memcpy,0.008470399975776673,61.896486765600066
1024,128,f16,cublas,0.035683839321136473,14.692589417906342
1024,128,f16,ref_fht,0.0155513596534729,33.71332228709127
1024,128,f16,rotate+quant_fp8,0.11840767860412597,4.427820950302212
1024,128,f16,rotate+quant_int4,0.12164480209350587,4.3099909817518585
1024,128,bf16,memcpy,0.008496000170707703,61.70997992768727
1024,128,bf16,cublas,0.02371135950088501,22.111258529078913
1024,128,bf16,ref_fht,0.015022079944610595,34.90115895622673
1024,128,bf16,rotate+quant_fp8,0.1137657642364502,4.608486599802752
1024,128,bf16,rotate+quant_int4,0.13241472244262695,3.9594388775550624
4096,128,f16,memcpy,0.00847808003425598,247.3616657930078
4096,128,f16,cublas,0.022856318950653078,91.75370734577878
4096,128,f16,ref_fht,0.014465919733047485,144.97190905940414
4096,128,f16,rotate+quant_fp8,0.10835455894470215,19.35453404475823
4096,128,f16,rotate+quant_int4,0.11629631996154785,18.032831999270492
4096,128,bf16,memcpy,0.00820032000541687,255.74026362564976
4096,128,bf16,cublas,0.02328768014907837,90.05413963842149
4096,128,bf16,ref_fht,0.014220160245895386,147.47738167052918
4096,128,bf16,rotate+quant_fp8,0.10951871871948242,19.148799625492103
4096,128,bf16,rotate+quant_int4,0.11494015693664551,18.245598891568772
16384,128,f16,memcpy,0.008648959994316101,969.8978843135824
16384,128,f16,cublas,0.02336575984954834,359.0128484592018
16384,128,f16,ref_fht,0.014991999864578246,559.5389591631367
16384,128,f16,rotate+quant_fp8,0.0981868839263916,85.435117854323
16384,128,f16,rotate+quant_int4,0.10648192405700684,78.77964334593561
16384,128,bf16,memcpy,0.00854207992553711,982.0334243094243
16384,128,bf16,cublas,0.02415872097015381,347.228978320643
16384,128,bf16,ref_fht,0.015240960121154785,550.3989206268199
16384,128,bf16,rotate+quant_fp8,0.1040454387664795,80.62446657395012
16384,128,bf16,rotate+quant_int4,0.11470080375671386,73.13469239319942
65536,128,f16,memcpy,0.02062335968017578,1627.0109487667144
65536,128,f16,cublas,0.06841599941253662,490.447151077522
65536,128,f16,ref_fht,0.05200448036193848,645.2219456183266
65536,128,f16,rotate+quant_fp8,0.29697919845581056,112.98579891949159
65536,128,f16,rotate+quant_int4,0.36492416381835935,91.94905497324558
65536,128,bf16,memcpy,0.02062016010284424,1627.2634078807016
65536,128,bf16,cublas,0.07034687995910645,476.98536195927426
65536,128,bf16,ref_fht,0.05171264171600342,648.8632351113474
65536,128,bf16,rotate+quant_fp8,0.3048940849304199,110.05274834261702
65536,128,bf16,rotate+quant_int4,0.3683148956298828,91.10256576133328
262144,128,f16,memcpy,0.35087806701660157,382.51957194477353
262144,128,f16,cublas,0.35309886932373047,380.1137292143113
262144,128,f16,ref_fht,0.352437744140625,380.82677077414905
262144,128,f16,rotate+quant_fp8,1.9116607666015626,70.21001337941581
262144,128,f16,rotate+quant_int4,2.3598150634765624,56.876375643719186
262144,128,bf16,memcpy,0.354031982421875,379.11187311902853
262144,128,bf16,cublas,0.3551007843017578,377.9708013428221
262144,128,bf16,ref_fht,0.3537932968139648,379.36763983003254
262144,128,bf16,rotate+quant_fp8,1.9208473205566405,69.87423027516063
262144,128,bf16,rotate+quant_int4,2.3618118286132814,56.828290202443796
1024,256,f16,memcpy,0.022890880107879638,45.80758778423084
1024,256,f16,cublas,0.07312064170837403,14.340355548054681
1024,256,f16,ref_fht,0.050277118682861326,20.855928650450746
1024,256,f16,rotate+quant_fp8,0.30698432922363283,3.415731358834705
1024,256,f16,rotate+quant_int4,0.3465030288696289,3.026166909480392
1024,256,bf16,memcpy,0.024932479858398436,42.056626775807466
1024,256,bf16,cublas,0.06074944019317627,17.260669343876227
1024,256,bf16,ref_fht,0.04843200206756592,21.6504780978735
1024,256,bf16,rotate+quant_fp8,0.3094688034057617,3.3883092203809437
1024,256,bf16,rotate+quant_int4,0.32942527770996094,3.183046569131856
4096,256,f16,memcpy,0.016634880304336547,252.13911511624084
4096,256,f16,cublas,0.06011648178100586,69.76961850959839
4096,256,f16,ref_fht,0.049330558776855465,85.0244575370156
4096,256,f16,rotate+quant_fp8,0.2708639907836914,15.484908081966196
4096,256,f16,rotate+quant_int4,0.29321535110473634,14.304517086834915
4096,256,bf16,memcpy,0.015461119413375855,271.2807454531001
4096,256,bf16,cublas,0.06007040023803711,69.82314057138792
4096,256,bf16,ref_fht,0.05031487941741943,83.36110606970662
4096,256,bf16,rotate+quant_fp8,0.27324159622192384,15.350166511959005
4096,256,bf16,rotate+quant_int4,0.28563264846801756,14.68425973884998
16384,256,f16,memcpy,0.019096959829330445,878.5281086590746
16384,256,f16,cublas,0.05523519992828369,303.7413827013066
16384,256,f16,ref_fht,0.03484096050262451,481.53712635839076
16384,256,f16,rotate+quant_fp8,0.21103872299194337,79.49828241066682
16384,256,f16,rotate+quant_int4,0.23887487411499023,70.23432691344398
16384,256,bf16,memcpy,0.01935807943344116,866.6777124086644
16384,256,bf16,cublas,0.05536831855773926,303.0111160501355
16384,256,bf16,ref_fht,0.03450176000595093,486.27130897398376
16384,256,bf16,rotate+quant_fp8,0.21029951095581054,79.77772237199987
16384,256,bf16,rotate+quant_int4,0.2332659149169922,71.92313547382257
65536,256,f16,memcpy,0.17769344329833983,377.6665179892262
65536,256,f16,cublas,0.2027180862426758,331.04527200233787
65536,256,f16,ref_fht,0.17291135787963868,388.1113700276045
65536,256,f16,rotate+quant_fp8,0.8967737579345703,74.83366167467219
65536,256,f16,rotate+quant_int4,1.158637466430664,57.92050226611239
65536,256,bf16,memcpy,0.17205120086669923,390.05170357395065
65536,256,bf16,cublas,0.20262399673461914,331.1989945983242
65536,256,bf16,ref_fht,0.17319679260253906,387.4717481287594
65536,256,bf16,rotate+quant_fp8,0.8986271667480469,74.67931805673496
65536,256,bf16,rotate+quant_int4,1.1660371398925782,57.55293867070344
262144,256,f16,memcpy,0.7061331176757812,380.1485148912832
262144,256,f16,cublas,0.8987238311767578,298.6851429637956
262144,256,f16,ref_fht,0.6971686553955078,385.0366104708408
262144,256,f16,rotate+quant_fp8,3.9171124267578126,68.52891282014686
262144,256,f16,rotate+quant_int4,4.830055541992188,55.57605987472394
262144,256,bf16,memcpy,0.706108169555664,380.16194624815006
262144,256,bf16,cublas,0.7895597076416015,339.9811988909757
262144,256,bf16,ref_fht,0.701436767578125,382.6937343573197
262144,256,bf16,rotate+quant_fp8,3.8003915405273436,70.63363159753581
262144,256,bf16,rotate+quant_int4,4.727849731445312,56.777493204704456
1024,512,f16,memcpy,0.007987200021743775,262.56410184931707
1024,512,f16,cublas,0.02369152069091797,88.51909623530132
1024,512,f16,ref_fht,0.015167360305786132,138.2674346570356
1024,512,f16,rotate+quant_fp8,0.10234880447387695,20.490244226890482
1024,512,f16,rotate+quant_int4,0.11577471733093261,18.11407575287324
1024,512,bf16,memcpy,0.00606656014919281,345.6904651772121
1024,512,bf16,cublas,0.03742464065551758,56.0366636330231
1024,512,bf16,ref_fht,0.014407039880752563,145.56439194714395
1024,512,bf16,rotate+quant_fp8,0.10166080474853516,20.62891401644367
1024,512,bf16,rotate+quant_int4,0.11001472473144532,19.062466457279374
4096,512,f16,memcpy,0.007596799731254577,1104.2291881787778
4096,512,f16,cublas,0.057550082206726076,145.7618769312478
4096,512,f16,ref_fht,0.014315520524978637,585.9799498986446
4096,512,f16,rotate+quant_fp8,0.10729791641235352,78.18053025151004
4096,512,f16,rotate+quant_int4,0.12180159568786621,68.87108459151054
4096,512,bf16,memcpy,0.006892160177230835,1217.1231927709514
4096,512,bf16,cublas,0.06735295772552491,124.54698773860899
4096,512,bf16,ref_fht,0.04716415882110596,177.8598030724572
4096,512,bf16,rotate+quant_fp8,0.21770240783691405,38.53245392804338
4096,512,bf16,rotate+quant_int4,0.24250240325927735,34.59185512083819
16384,512,f16,memcpy,0.02539583921432495,1321.2570656484963
16384,512,f16,cublas,0.19661823272705078,170.65778455338324
16384,512,f16,ref_fht,0.041589121818542484,806.8078991040339
16384,512,f16,rotate+quant_fp8,0.3667718505859375,91.4858431648858
16384,512,f16,rotate+quant_int4,0.44204158782958985,75.90786234560235
16384,512,bf16,memcpy,0.025256319046020506,1328.5559126355345
16384,512,bf16,cublas,0.23131584167480468,145.05894519395903
16384,512,bf16,ref_fht,0.033192319869995116,1010.9095155573089
16384,512,bf16,rotate+quant_fp8,0.40180286407470706,83.50968845697734
16384,512,bf16,rotate+quant_int4,0.4764633560180664,70.4239509212702
65536,512,f16,memcpy,0.35020736694335936,383.2521547775082
65536,512,f16,cublas,0.7624614715576172,176.03214458274107
65536,512,f16,ref_fht,0.35413631439208987,379.00018310858076
65536,512,f16,rotate+quant_fp8,2.226278991699219,60.28791921427496
65536,512,f16,rotate+quant_int4,2.689516296386719,49.90403968933646
65536,512,bf16,memcpy,0.350511360168457,382.9197659542175
65536,512,bf16,cublas,0.8238137817382812,162.9224115634422
65536,512,bf16,ref_fht,0.34993408203125,383.55145980897635
65536,512,bf16,rotate+quant_fp8,2.2901516723632813,58.60647991995063
65536,512,bf16,rotate+quant_int4,2.7503802490234377,48.79969889532763
262144,512,f16,memcpy,1.4132768249511718,379.87668270053797
262144,512,f16,cublas,3.0282720947265624,177.28621973398884
262144,512,f16,ref_fht,1.4091513061523437,380.98883324737784
262144,512,f16,rotate+quant_fp8,9.013152465820312,59.56527574962506
262144,512,f16,rotate+quant_int4,10.816143798828126,49.63607381571307
262144,512,bf16,memcpy,1.4064781188964843,381.7129500892813
262144,512,bf16,cublas,3.2005850219726564,167.74149360641064
262144,512,bf16,ref_fht,1.407747802734375,381.3686733924891
262144,512,bf16,rotate+quant_fp8,9.201982421875,58.34296213430572
262144,512,bf16,rotate+quant_int4,11.0220849609375,48.70865302732484
1024,1024,f16,memcpy,0.0074995201826095585,559.2763134001642
1024,1024,f16,cublas,0.05969855785369873,70.25804560101504
1024,1024,f16,ref_fht,0.014142719507217407,296.56983565710505
1024,1024,f16,rotate+quant_fp8,0.09648639678955079,43.47041800253268
1024,1024,f16,rotate+quant_int4,0.11900863647460938,35.243694275035736
1024,1024,bf16,memcpy,0.00780672013759613,537.2683951869604
1024,1024,bf16,cublas,0.06004159927368164,69.85663357968734
1024,1024,bf16,ref_fht,0.014359680414199829,292.0889517744689
1024,1024,bf16,rotate+quant_fp8,0.09840191841125488,42.624209646712224
1024,1024,bf16,rotate+quant_int4,0.10832127571105957,38.7209619944659
4096,1024,f16,memcpy,0.01060096025466919,1582.612857416429
4096,1024,f16,cublas,0.19660608291625978,85.33416540904231
4096,1024,f16,ref_fht,0.03106816053390503,540.0131746355191
4096,1024,f16,rotate+quant_fp8,0.2836403274536133,59.149614409974035
4096,1024,f16,rotate+quant_int4,0.31236608505249025,53.71010747591482
4096,1024,bf16,memcpy,0.011027200222015381,1521.4393193391859
4096,1024,bf16,cublas,0.22178112030029296,75.64762941626206
4096,1024,bf16,ref_fht,0.031121280193328858,539.0914479024663
4096,1024,bf16,rotate+quant_fp8,0.32069503784179687,52.315171799684734
4096,1024,bf16,rotate+quant_int4,0.34917057037353516,48.048768778113505
16384,1024,f16,memcpy,0.17733312606811524,378.433885918319
16384,1024,f16,cublas,0.7564473724365235,88.71583991870018
16384,1024,f16,ref_fht,0.17293184280395507,388.06539566040624
16384,1024,f16,rotate+quant_fp8,1.4108114624023438,47.56756362450186
16384,1024,f16,rotate+quant_int4,1.667361297607422,40.248543669747995
16384,1024,bf16,memcpy,0.17223039627075196,389.64587815557604
16384,1024,bf16,cublas,0.7990713500976563,83.98356916663133
16384,1024,bf16,ref_fht,0.17326719284057618,387.3143143823374
16384,1024,bf16,rotate+quant_fp8,1.4571871948242188,46.053701431335575
16384,1024,bf16,rotate+quant_int4,1.7299136352539062,38.793187493519106
65536,1024,f16,memcpy,0.7055366516113282,380.4698953441159
65536,1024,f16,cublas,2.9511712646484374,90.95895559012152
65536,1024,f16,ref_fht,0.7036812591552735,381.4730781977062
65536,1024,f16,rotate+quant_fp8,5.907376098632812,45.44072554685082
65536,1024,f16,rotate+quant_int4,6.821617431640625,39.35070512088805
65536,1024,bf16,memcpy,0.7052607727050781,380.6187248588867
65536,1024,bf16,cublas,3.024999694824219,88.73900267140313
65536,1024,bf16,ref_fht,0.705564193725586,380.4550434774503
65536,1024,bf16,rotate+quant_fp8,5.991314697265625,44.80409886039057
65536,1024,bf16,rotate+quant_int4,6.916293334960938,38.81204035159912
262144,1024,f16,memcpy,2.8279315185546876,379.69159329175443
262144,1024,f16,cublas,11.780325927734374,91.14703876503908
262144,1024,f16,ref_fht,2.827173767089844,379.79335989144306
262144,1024,f16,rotate+quant_fp8,23.756123046875,45.198529317318275
262144,1024,f16,rotate+quant_int4,27.375703125,39.22243819993208
262144,1024,bf16,memcpy,2.8297720336914063,379.4446376654998
262144,1024,bf16,cublas,12.08768310546875,88.82941541660817
262144,1024,bf16,ref_fht,2.8246136474609376,380.13758977805446
262144,1024,bf16,rotate+quant_fp8,24.07152099609375,44.60631399961156
262144,1024,bf16,rotate+quant_int4,27.73208740234375,38.71839174678404
