rows,dim,dtype,kernel,acc,tpr,rpb,grid,block,ms,gbps,peak_frac
1024,64,f16,tc,native,32,1,1024,32,0.00569088,46.0639,0.102814
1024,64,f16,tc,native,32,4,256,128,0.00578432,45.3198,0.101153
1024,64,f16,tc,native,32,16,64,512,0.005776,45.385,0.101299
1024,64,f16,tc,native,32,1,1024,32,0.00623616,42.0361,0.0938239
1024,64,f16,tc,native,32,4,256,128,0.00589696,44.4541,0.0992208
1024,64,f16,tc,native,32,16,64,512,0.00610624,42.9305,0.0958202
1024,64,f16,tc,native,32,1,1024,32,0.00667072,39.2977,0.0877118
1024,64,f16,tc,native,32,4,256,128,0.00655616,39.9844,0.0892445
1024,64,f16,tc,native,32,16,64,512,0.0058752,44.6187,0.0995883
1024,64,bf16,tc,native,32,1,1024,32,0.00601728,43.5652,0.0972368
1024,64,bf16,tc,native,32,4,256,128,0.0060224,43.5282,0.0971541
1024,64,bf16,tc,native,32,16,64,512,0.0063232,41.4575,0.0925324
1024,64,bf16,tc,native,32,1,1024,32,0.00581952,45.0456,0.100541
1024,64,bf16,tc,native,32,4,256,128,0.00617664,42.4412,0.0947281
1024,64,bf16,tc,native,32,16,64,512,0.00625792,41.89,0.0934977
1024,64,bf16,tc,native,32,1,1024,32,0.0058816,44.5702,0.0994799
1024,64,bf16,tc,native,32,4,256,128,0.00604224,43.3852,0.0968351
1024,64,bf16,tc,native,32,16,64,512,0.0063552,41.2487,0.0920665
4096,64,f16,tc,native,32,1,4096,32,0.0074464,140.817,0.3143
4096,64,f16,tc,native,32,4,1024,128,0.00623616,168.145,0.375296
4096,64,f16,tc,native,32,16,256,512,0.00692992,151.311,0.337725
4096,64,f16,tc,native,32,1,4096,32,0.00631424,166.065,0.370655
4096,64,f16,tc,native,32,4,1024,128,0.00626304,167.423,0.373685
4096,64,f16,tc,native,32,16,256,512,0.0088224,118.854,0.26528
4096,64,f16,tc,native,32,1,4096,32,0.0068384,153.336,0.342244
4096,64,f16,tc,native,32,4,1024,128,0.00686336,152.779,0.341
4096,64,f16,tc,native,32,16,256,512,0.00707904,148.124,0.33061
4096,64,bf16,tc,native,32,1,4096,32,0.00643008,163.074,0.363977
4096,64,bf16,tc,native,32,4,1024,128,0.0116064,90.3446,0.201648
4096,64,bf16,tc,native,32,16,256,512,0.00611456,171.488,0.382759
4096,64,bf16,tc,native,32,1,4096,32,0.00695616,150.741,0.336451
4096,64,bf16,tc,native,32,4,1024,128,0.0059968,174.856,0.390276
4096,64,bf16,tc,native,32,16,256,512,0.00656,159.844,0.356769
4096,64,bf16,tc,native,32,1,4096,32,0.00678464,154.551,0.344956
4096,64,bf16,tc,native,32,4,1024,128,0.0071328,147.008,0.328119
4096,64,bf16,tc,native,32,16,256,512,0.00731712,143.304,0.319853
16384,64,f16,tc,native,32,1,16384,32,0.0190355,220.341,0.491797
16384,64,f16,tc,native,32,4,4096,128,0.0103757,404.244,0.902265
16384,64,f16,tc,native,32,16,1024,512,0.0140237,299.087,0.667558
16384,64,f16,tc,native,32,1,16384,32,0.0186067,225.419,0.503131
16384,64,f16,tc,native,32,4,4096,128,0.0134784,311.187,0.694564
16384,64,f16,tc,native,32,16,1024,512,0.0103418,405.57,0.905225
16384,64,f16,tc,native,32,1,16384,32,0.0189952,220.809,0.492841
16384,64,f16,tc,native,32,4,4096,128,0.0103341,405.871,0.905897
16384,64,f16,tc,native,32,16,1024,512,0.010352,405.168,0.904329
16384,64,bf16,tc,native,32,1,16384,32,0.0190554,220.111,0.491285
16384,64,bf16,tc,native,32,4,4096,128,0.0103341,405.871,0.905897
16384,64,bf16,tc,native,32,16,1024,512,0.0103578,404.943,0.903826
16384,64,bf16,tc,native,32,1,16384,32,0.018631,225.125,0.502474
16384,64,bf16,tc,native,32,4,4096,128,0.0103571,404.968,0.903882
16384,64,bf16,tc,native,32,16,1024,512,0.0132493,316.568,0.706575
16384,64,bf16,tc,native,32,1,16384,32,0.0186266,225.179,0.502595
16384,64,bf16,tc,native,32,4,4096,128,0.0133619,313.9,0.700619
16384,64,bf16,tc,native,32,16,1024,512,0.0103667,404.593,0.903045
65536,64,f16,tc,native,32,1,65536,32,0.0696614,240.839,0.537549
65536,64,f16,tc,native,32,4,16384,128,0.0308371,544.059,1.21433
65536,64,f16,tc,native,32,16,4096,512,0.030855,543.743,1.21363
65536,64,f16,tc,native,32,1,65536,32,0.0696608,240.842,0.537554
65536,64,f16,tc,native,32,4,16384,128,0.0308442,543.935,1.21405
65536,64,f16,tc,native,32,16,4096,512,0.030839,544.025,1.21426
65536,64,f16,tc,native,32,1,65536,32,0.0696877,240.749,0.537347
65536,64,f16,tc,native,32,4,16384,128,0.0308333,544.127,1.21448
65536,64,f16,tc,native,32,16,4096,512,0.030839,544.025,1.21426
65536,64,bf16,tc,native,32,1,65536,32,0.0697126,240.662,0.537155
65536,64,bf16,tc,native,32,4,16384,128,0.0308461,543.901,1.21398
65536,64,bf16,tc,native,32,16,4096,512,0.0326554,513.766,1.14672
65536,64,bf16,tc,native,32,1,65536,32,0.069687,240.751,0.537352
65536,64,bf16,tc,native,32,4,16384,128,0.0308512,543.811,1.21378
65536,64,bf16,tc,native,32,16,4096,512,0.035993,466.125,1.04038
65536,64,bf16,tc,native,32,1,65536,32,0.0697453,240.55,0.536903
65536,64,bf16,tc,native,32,4,16384,128,0.0308704,543.473,1.21302
65536,64,bf16,tc,native,32,16,4096,512,0.0326752,513.454,1.14602
262144,64,f16,tc,native,32,1,262144,32,0.327223,205.086,0.457749
262144,64,f16,tc,native,32,4,65536,128,0.169004,397.086,0.886288
262144,64,f16,tc,native,32,16,16384,512,0.180758,371.264,0.828655
262144,64,f16,tc,native,32,1,262144,32,0.32735,205.007,0.457571
262144,64,f16,tc,native,32,4,65536,128,0.169421,396.108,0.884106
262144,64,f16,tc,native,32,16,16384,512,0.18081,371.158,0.828418
262144,64,f16,tc,native,32,1,262144,32,0.324033,207.105,0.462255
262144,64,f16,tc,native,32,4,65536,128,0.169439,396.066,0.884012
262144,64,f16,tc,native,32,16,16384,512,0.180885,371.003,0.828072
262144,64,bf16,tc,native,32,1,262144,32,0.323653,207.349,0.462798
262144,64,bf16,tc,native,32,4,65536,128,0.169537,395.835,0.883498
262144,64,bf16,tc,native,32,16,16384,512,0.180691,371.402,0.828963
262144,64,bf16,tc,native,32,1,262144,32,0.327453,204.942,0.457427
262144,64,bf16,tc,native,32,4,65536,128,0.169615,395.653,0.883091
262144,64,bf16,tc,native,32,16,16384,512,0.180609,371.571,0.82934
262144,64,bf16,tc,native,32,1,262144,32,0.324434,206.849,0.461684
262144,64,bf16,tc,native,32,4,65536,128,0.169408,396.138,0.884172
262144,64,bf16,tc,native,32,16,16384,512,0.180757,371.265,0.828658
1024,128,f16,tc,native,32,1,1024,32,0.00616256,85.0763,0.189889
1024,128,f16,tc,native,32,4,256,128,0.00588736,89.0532,0.198765
1024,128,f16,tc,native,32,16,64,512,0.00591168,88.6868,0.197947
1024,128,f16,tc,native,32,1,1024,32,0.0058528,89.579,0.199939
1024,128,f16,tc,native,32,4,256,128,0.00617536,84.9,0.189495
1024,128,f16,tc,native,32,16,64,512,0.00640064,81.9118,0.182826
1024,128,f16,tc,native,32,1,1024,32,0.00675008,77.6714,0.173361
1024,128,f16,tc,native,32,4,256,128,0.0147277,35.5988,0.079456
1024,128,f16,tc,native,32,16,64,512,0.00602496,87.0193,0.194226
1024,128,bf16,tc,native,32,1,1024,32,0.00602048,87.0841,0.19437
1024,128,bf16,tc,native,32,4,256,128,0.00621312,84.384,0.188344
1024,128,bf16,tc,native,32,16,64,512,0.00566272,92.5859,0.20665
1024,128,bf16,tc,native,32,1,1024,32,0.00616448,85.0498,0.18983
1024,128,bf16,tc,native,32,4,256,128,0.00605248,86.6237,0.193343
1024,128,bf16,tc,native,32,16,64,512,0.00593344,88.3616,0.197222
1024,128,bf16,tc,native,32,1,1024,32,0.0066272,79.1115,0.176576
1024,128,bf16,tc,native,32,4,256,128,0.00616832,84.9969,0.189712
1024,128,bf16,tc,native,32,16,64,512,0.00643712,81.4476,0.18179
4096,128,f16,tc,native,32,1,4096,32,0.0063456,330.489,0.737646
4096,128,f16,tc,native,32,4,1024,128,0.00697792,300.541,0.670803
4096,128,f16,tc,native,32,16,256,512,0.00762688,274.969,0.613725
4096,128,f16,tc,native,32,1,4096,32,0.00627008,334.47,0.746531
4096,128,f16,tc,native,32,4,1024,128,0.00774848,270.653,0.604094
4096,128,f16,tc,native,32,16,256,512,0.00762048,275.199,0.614241
4096,128,f16,tc,native,32,1,4096,32,0.00740672,283.142,0.631968
4096,128,f16,tc,native,32,4,1024,128,0.00703552,298.081,0.665311
4096,128,f16,tc,native,32,16,256,512,0.0076768,273.18,0.609734
4096,128,bf16,tc,native,32,1,4096,32,0.00684032,306.587,0.684297
4096,128,bf16,tc,native,32,4,1024,128,0.0114624,182.959,0.408362
4096,128,bf16,tc,native,32,16,256,512,0.00784064,267.472,0.596993
4096,128,bf16,tc,native,32,1,4096,32,0.00701696,298.869,0.667071
4096,128,bf16,tc,native,32,4,1024,128,0.00681088,307.912,0.687255
4096,128,bf16,tc,native,32,16,256,512,0.00829824,252.723,0.564072
4096,128,bf16,tc,native,32,1,4096,32,0.011616,180.54,0.402962
4096,128,bf16,tc,native,32,4,1024,128,0.00727552,288.248,0.643364
4096,128,bf16,tc,native,32,16,256,512,0.00701696,298.869,0.667071
16384,128,f16,tc,native,32,1,16384,32,0.0187923,446.385,0.996324
16384,128,f16,tc,native,32,4,4096,128,0.0103565,809.986,1.80788
16384,128,f16,tc,native,32,16,1024,512,0.010457,802.203,1.7905
16384,128,f16,tc,native,32,1,16384,32,0.0192237,436.368,0.973967
16384,128,f16,tc,native,32,4,4096,128,0.0103731,808.687,1.80498
16384,128,f16,tc,native,32,16,1024,512,0.0104109,805.754,1.79843
16384,128,f16,tc,native,32,1,16384,32,0.018809,445.99,0.995442
16384,128,f16,tc,native,32,4,4096,128,0.0104979,799.073,1.78352
16384,128,f16,tc,native,32,16,1024,512,0.0104006,806.547,1.8002
16384,128,bf16,tc,native,32,1,16384,32,0.0189338,443.05,0.988881
16384,128,bf16,tc,native,32,4,4096,128,0.0103648,809.336,1.80643
16384,128,bf16,tc,native,32,16,1024,512,0.0113382,739.851,1.65134
16384,128,bf16,tc,native,32,1,16384,32,0.0189632,442.362,0.987346
16384,128,bf16,tc,native,32,4,4096,128,0.0103533,810.237,1.80843
16384,128,bf16,tc,native,32,16,1024,512,0.0115034,729.231,1.62763
16384,128,bf16,tc,native,32,1,16384,32,0.0189965,441.588,0.985616
16384,128,bf16,tc,native,32,4,4096,128,0.0103642,809.386,1.80654
16384,128,bf16,tc,native,32,16,1024,512,0.011808,710.417,1.58564
65536,128,f16,tc,native,32,1,65536,32,0.0697824,480.844,1.07324
65536,128,f16,tc,native,32,4,16384,128,0.0403597,831.385,1.85564
65536,128,f16,tc,native,32,16,4096,512,0.0349523,960.006,2.14272
65536,128,f16,tc,native,32,1,65536,32,0.0697773,480.879,1.07331
65536,128,f16,tc,native,32,4,16384,128,0.0348672,962.349,2.14795
65536,128,f16,tc,native,32,16,4096,512,0.0349299,960.621,2.14409
65536,128,f16,tc,native,32,1,65536,32,0.0697766,480.883,1.07332
65536,128,f16,tc,native,32,4,16384,128,0.0349242,960.78,2.14444
65536,128,f16,tc,native,32,16,4096,512,0.0349197,960.903,2.14472
65536,128,bf16,tc,native,32,1,65536,32,0.0697741,480.901,1.07336
65536,128,bf16,tc,native,32,4,16384,128,0.0349306,960.604,2.14405
65536,128,bf16,tc,native,32,16,4096,512,0.0356627,940.883,2.10003
65536,128,bf16,tc,native,32,1,65536,32,0.0697837,480.835,1.07322
65536,128,bf16,tc,native,32,4,16384,128,0.03496,959.795,2.14225
65536,128,bf16,tc,native,32,16,4096,512,0.035625,941.88,2.10226
65536,128,bf16,tc,native,32,1,65536,32,0.0697862,480.817,1.07318
65536,128,bf16,tc,native,32,4,16384,128,0.0349376,960.41,2.14362
65536,128,bf16,tc,native,32,16,4096,512,0.0359334,933.794,2.08421
262144,128,f16,tc,native,32,1,262144,32,0.351842,381.472,0.851438
262144,128,f16,tc,native,32,4,65536,128,0.348703,384.905,0.859102
262144,128,f16,tc,native,32,16,16384,512,0.347443,386.301,0.862218
262144,128,f16,tc,native,32,1,262144,32,0.355024,378.053,0.843807
262144,128,f16,tc,native,32,4,65536,128,0.348816,384.781,0.858825
262144,128,f16,tc,native,32,16,16384,512,0.346926,386.877,0.863503
262144,128,f16,tc,native,32,1,262144,32,0.349213,384.343,0.857847
262144,128,f16,tc,native,32,4,65536,128,0.348488,385.143,0.859634
262144,128,f16,tc,native,32,16,16384,512,0.351908,381.4,0.851279
262144,128,bf16,tc,native,32,1,262144,32,0.352628,380.621,0.849539
262144,128,bf16,tc,native,32,4,65536,128,0.349697,383.811,0.85666
262144,128,bf16,tc,native,32,16,16384,512,0.351853,381.459,0.851411
262144,128,bf16,tc,native,32,1,262144,32,0.346913,386.891,0.863535
262144,128,bf16,tc,native,32,4,65536,128,0.349141,384.423,0.858025
262144,128,bf16,tc,native,32,16,16384,512,0.347471,386.271,0.86215
262144,128,bf16,tc,native,32,1,262144,32,0.352897,380.331,0.848892
262144,128,bf16,tc,native,32,4,65536,128,0.348989,384.59,0.858398
262144,128,bf16,tc,native,32,16,16384,512,0.34804,385.639,0.86074
1024,256,f16,tc,native,32,1,1024,32,0.00632384,165.813,0.370092
1024,256,f16,tc,native,32,4,256,128,0.00627776,167.03,0.372809
1024,256,f16,tc,native,32,16,64,512,0.00610688,171.704,0.383241
1024,256,f16,tc,native,32,1,1024,32,0.0136506,76.8156,0.171451
1024,256,f16,tc,native,32,4,256,128,0.0060576,173.101,0.386358
1024,256,f16,tc,native,32,16,64,512,0.00634432,165.278,0.368898
1024,256,f16,tc,native,32,1,1024,32,0.00612544,171.184,0.382079
1024,256,f16,tc,native,32,4,256,128,0.0069952,149.899,0.334573
1024,256,f16,tc,native,32,16,64,512,0.00889408,117.896,0.263142
1024,256,bf16,tc,native,32,1,1024,32,0.00557248,188.17,0.419993
1024,256,bf16,tc,native,32,4,256,128,0.00604224,173.541,0.38734
1024,256,bf16,tc,native,32,16,64,512,0.0132397,79.1995,0.176772
1024,256,bf16,tc,native,32,1,1024,32,0.0061344,170.934,0.381521
1024,256,bf16,tc,native,32,4,256,128,0.0136256,76.9563,0.171765
1024,256,bf16,tc,native,32,16,64,512,0.00702592,149.244,0.33311
1024,256,bf16,tc,native,32,1,1024,32,0.00640192,163.791,0.365579
1024,256,bf16,tc,native,32,4,256,128,0.0147565,71.0587,0.158602
1024,256,bf16,tc,native,32,16,64,512,0.00644288,162.75,0.363254
4096,256,f16,tc,native,32,1,4096,32,0.0120762,347.321,0.775215
4096,256,f16,tc,native,32,4,1024,128,0.007632,549.568,1.22663
4096,256,f16,tc,native,32,16,256,512,0.00738496,567.952,1.26766
4096,256,f16,tc,native,32,1,4096,32,0.00627904,667.985,1.49093
4096,256,f16,tc,native,32,4,1024,128,0.0113261,370.323,0.826554
4096,256,f16,tc,native,32,16,256,512,0.0124506,336.877,0.751903
4096,256,f16,tc,native,32,1,4096,32,0.0115245,363.947,0.812324
4096,256,f16,tc,native,32,4,1024,128,0.00708096,592.335,1.32208
4096,256,f16,tc,native,32,16,256,512,0.0067744,619.14,1.38191
4096,256,bf16,tc,native,32,1,4096,32,0.0104346,401.963,0.897174
4096,256,bf16,tc,native,32,4,1024,128,0.0126278,332.147,0.741347
4096,256,bf16,tc,native,32,16,256,512,0.0128512,326.375,0.728462
4096,256,bf16,tc,native,32,1,4096,32,0.00655872,639.5,1.42735
4096,256,bf16,tc,native,32,4,1024,128,0.0119398,351.286,0.784066
4096,256,bf16,tc,native,32,16,256,512,0.0116563,359.831,0.803137
4096,256,bf16,tc,native,32,1,4096,32,0.00701888,597.575,1.33378
4096,256,bf16,tc,native,32,4,1024,128,0.0116077,361.339,0.806502
4096,256,bf16,tc,native,32,16,256,512,0.00877056,478.225,1.06739
16384,256,f16,tc,native,32,1,16384,32,0.0189325,886.16,1.9779
16384,256,f16,tc,native,32,4,4096,128,0.0143853,1166.28,2.60311
16384,256,f16,tc,native,32,16,1024,512,0.0144109,1164.2,2.59849
16384,256,f16,tc,native,32,1,16384,32,0.019129,877.058,1.95758
16384,256,f16,tc,native,32,4,4096,128,0.0143974,1165.29,2.60091
16384,256,f16,tc,native,32,16,1024,512,0.0144493,1161.11,2.59158
16384,256,f16,tc,native,32,1,16384,32,0.0185773,903.104,2.01571
16384,256,f16,tc,native,32,4,4096,128,0.0143878,1166.07,2.60265
16384,256,f16,tc,native,32,16,1024,512,0.0146758,1143.19,2.55157
16384,256,bf16,tc,native,32,1,16384,32,0.0185549,904.194,2.01815
16384,256,bf16,tc,native,32,4,4096,128,0.0143859,1166.22,2.60299
16384,256,bf16,tc,native,32,16,1024,512,0.0144902,1157.83,2.58425
16384,256,bf16,tc,native,32,1,16384,32,0.0185901,902.482,2.01433
16384,256,bf16,tc,native,32,4,4096,128,0.0143878,1166.07,2.60265
16384,256,bf16,tc,native,32,16,1024,512,0.0144653,1159.83,2.58871
16384,256,bf16,tc,native,32,1,16384,32,0.0185581,904.038,2.0178
16384,256,bf16,tc,native,32,4,4096,128,0.0156403,1072.69,2.39423
16384,256,bf16,tc,native,32,16,1024,512,0.0144122,1164.1,2.59826
65536,256,f16,tc,native,32,1,65536,32,0.17183,390.554,0.871711
65536,256,f16,tc,native,32,4,16384,128,0.172067,390.015,0.870508
65536,256,f16,tc,native,32,16,4096,512,0.172491,389.057,0.86837
65536,256,f16,tc,native,32,1,65536,32,0.171588,391.104,0.872937
65536,256,f16,tc,native,32,4,16384,128,0.1757,381.95,0.852507
65536,256,f16,tc,native,32,16,4096,512,0.171912,390.367,0.871292
65536,256,f16,tc,native,32,1,65536,32,0.171938,390.309,0.871162
65536,256,f16,tc,native,32,4,16384,128,0.171354,391.64,0.874133
65536,256,f16,tc,native,32,16,4096,512,0.172225,389.657,0.869709
65536,256,bf16,tc,native,32,1,65536,32,0.171967,390.243,0.871017
65536,256,bf16,tc,native,32,4,16384,128,0.171788,390.65,0.871925
65536,256,bf16,tc,native,32,16,4096,512,0.173136,387.608,0.865134
65536,256,bf16,tc,native,32,1,65536,32,0.172041,390.075,0.870641
65536,256,bf16,tc,native,32,4,16384,128,0.172088,389.969,0.870404
65536,256,bf16,tc,native,32,16,4096,512,0.172556,388.912,0.868045
65536,256,bf16,tc,native,32,1,65536,32,0.171838,390.535,0.871669
65536,256,bf16,tc,native,32,4,16384,128,0.171666,390.927,0.872543
65536,256,bf16,tc,native,32,16,4096,512,0.171884,390.431,0.871435
262144,256,f16,tc,native,32,1,262144,32,0.702411,382.163,0.852982
262144,256,f16,tc,native,32,4,65536,128,0.699864,383.554,0.856086
262144,256,f16,tc,native,32,16,16384,512,0.705878,380.286,0.848792
262144,256,f16,tc,native,32,1,262144,32,0.697179,385.031,0.859382
262144,256,f16,tc,native,32,4,65536,128,0.707567,379.378,0.846766
262144,256,f16,tc,native,32,16,16384,512,0.698659,384.216,0.857563
262144,256,f16,tc,native,32,1,262144,32,0.701237,382.803,0.854409
262144,256,f16,tc,native,32,4,65536,128,0.701606,382.602,0.85396
262144,256,f16,tc,native,32,16,16384,512,0.70419,381.197,0.850826
262144,256,bf16,tc,native,32,1,262144,32,0.704179,381.204,0.85084
262144,256,bf16,tc,native,32,4,65536,128,0.700013,383.472,0.855904
262144,256,bf16,tc,native,32,16,16384,512,0.702538,382.094,0.852827
262144,256,bf16,tc,native,32,1,262144,32,0.701244,382.799,0.854401
262144,256,bf16,tc,native,32,4,65536,128,0.70404,381.279,0.851007
262144,256,bf16,tc,native,32,16,16384,512,0.699024,384.015,0.857114
262144,256,bf16,tc,native,32,1,262144,32,0.696459,385.429,0.860271
262144,256,bf16,tc,native,32,4,65536,128,0.704289,381.144,0.850707
262144,256,bf16,tc,native,32,16,16384,512,0.702635,382.041,0.85271
1024,512,f16,tc,native,32,1,1024,32,0.00688192,304.734,0.68016
1024,512,f16,tc,native,32,4,256,128,0.0081664,256.803,0.573179
1024,512,f16,tc,native,32,16,64,512,0.00706304,296.919,0.662719
1024,512,f16,tc,native,32,1,1024,32,0.00719168,291.608,0.650864
1024,512,f16,tc,native,32,4,256,128,0.00803392,261.037,0.582631
1024,512,f16,tc,native,32,16,64,512,0.0067936,308.695,0.689003
1024,512,f16,tc,native,32,1,1024,32,0.00730048,287.262,0.641165
1024,512,f16,tc,native,32,4,256,128,0.00703616,298.053,0.66525
1024,512,f16,tc,native,32,16,64,512,0.00767424,273.272,0.609938
1024,512,bf16,tc,native,32,1,1024,32,0.00795008,263.79,0.588775
1024,512,bf16,tc,native,32,4,256,128,0.00725504,289.061,0.64518
1024,512,bf16,tc,native,32,16,64,512,0.0069632,301.176,0.672221
1024,512,bf16,tc,native,32,1,1024,32,0.007408,283.093,0.631859
1024,512,bf16,tc,native,32,4,256,128,0.00785408,267.014,0.595972
1024,512,bf16,tc,native,32,16,64,512,0.00671552,312.284,0.697014
1024,512,bf16,tc,native,32,1,1024,32,0.00755776,277.483,0.619338
1024,512,bf16,tc,native,32,4,256,128,0.0072448,289.47,0.646092
1024,512,bf16,tc,native,32,16,64,512,0.00655936,319.719,0.713608
4096,512,f16,tc,native,32,1,4096,32,0.014391,582.905,1.30103
4096,512,f16,tc,native,32,4,1024,128,0.0144947,578.735,1.29173
4096,512,f16,tc,native,32,16,256,512,0.0151616,553.28,1.23491
4096,512,f16,tc,native,32,1,4096,32,0.0143866,583.086,1.30144
4096,512,f16,tc,native,32,4,1024,128,0.0144237,581.586,1.29809
4096,512,f16,tc,native,32,16,256,512,0.014864,564.357,1.25964
4096,512,f16,tc,native,32,1,4096,32,0.0143866,583.086,1.30144
4096,512,f16,tc,native,32,4,1024,128,0.0143878,583.035,1.30132
4096,512,f16,tc,native,32,16,256,512,0.0149446,561.312,1.25284
4096,512,bf16,tc,native,32,1,4096,32,0.0148922,563.29,1.25725
4096,512,bf16,tc,native,32,4,1024,128,0.0143757,583.528,1.30242
4096,512,bf16,tc,native,32,16,256,512,0.0146778,571.518,1.27562
4096,512,bf16,tc,native,32,1,4096,32,0.014391,582.905,1.30103
4096,512,bf16,tc,native,32,4,1024,128,0.0143885,583.009,1.30127
4096,512,bf16,tc,native,32,16,256,512,0.0149715,560.304,1.25059
4096,512,bf16,tc,native,32,1,4096,32,0.0144256,581.508,1.29792
4096,512,bf16,tc,native,32,4,1024,128,0.0143878,583.035,1.30132
4096,512,bf16,tc,native,32,16,256,512,0.0148192,566.063,1.26344
16384,512,f16,tc,native,32,1,16384,32,0.0451155,743.745,1.66003
16384,512,f16,tc,native,32,4,4096,128,0.0452128,742.145,1.65645
16384,512,f16,tc,native,32,16,1024,512,0.0472582,710.023,1.58476
16384,512,f16,tc,native,32,1,16384,32,0.0452339,741.798,1.65568
16384,512,f16,tc,native,32,4,4096,128,0.0452051,742.271,1.65674
16384,512,f16,tc,native,32,16,1024,512,0.0472461,710.206,1.58517
16384,512,f16,tc,native,32,1,16384,32,0.045168,742.881,1.6581
16384,512,f16,tc,native,32,4,4096,128,0.0452096,742.197,1.65657
16384,512,f16,tc,native,32,16,1024,512,0.0472179,710.629,1.58611
16384,512,bf16,tc,native,32,1,16384,32,0.0451309,743.492,1.65946
16384,512,bf16,tc,native,32,4,4096,128,0.045257,741.42,1.65484
16384,512,bf16,tc,native,32,16,1024,512,0.047248,710.177,1.5851
16384,512,bf16,tc,native,32,1,16384,32,0.0451763,742.744,1.65779
16384,512,bf16,tc,native,32,4,4096,128,0.0452115,742.166,1.6565
16384,512,bf16,tc,native,32,16,1024,512,0.0472563,710.052,1.58482
16384,512,bf16,tc,native,32,1,16384,32,0.0451226,743.629,1.65977
16384,512,bf16,tc,native,32,4,4096,128,0.0452173,742.071,1.65629
16384,512,bf16,tc,native,32,16,1024,512,0.0472493,710.158,1.58506
65536,512,f16,tc,native,32,1,65536,32,0.348687,384.923,0.859141
65536,512,f16,tc,native,32,4,16384,128,0.352022,381.276,0.851002
65536,512,f16,tc,native,32,16,4096,512,0.355331,377.726,0.843079
65536,512,f16,tc,native,32,1,65536,32,0.34943,384.104,0.857315
65536,512,f16,tc,native,32,4,16384,128,0.355864,377.16,0.841814
65536,512,f16,tc,native,32,16,4096,512,0.351234,382.132,0.852912
65536,512,f16,tc,native,32,1,65536,32,0.349894,383.595,0.856178
65536,512,f16,tc,native,32,4,16384,128,0.352328,380.946,0.850265
65536,512,f16,tc,native,32,16,4096,512,0.351149,382.224,0.853118
65536,512,bf16,tc,native,32,1,65536,32,0.349267,384.285,0.857717
65536,512,bf16,tc,native,32,4,16384,128,0.352468,380.794,0.849926
65536,512,bf16,tc,native,32,16,4096,512,0.351569,381.768,0.8521
65536,512,bf16,tc,native,32,1,65536,32,0.350222,383.236,0.855377
65536,512,bf16,tc,native,32,4,16384,128,0.354556,378.551,0.84492
65536,512,bf16,tc,native,32,16,4096,512,0.35388,379.275,0.846536
65536,512,bf16,tc,native,32,1,65536,32,0.349539,383.985,0.857048
65536,512,bf16,tc,native,32,4,16384,128,0.351882,381.428,0.851341
65536,512,bf16,tc,native,32,16,4096,512,0.35585,377.175,0.841849
262144,512,f16,tc,native,32,1,262144,32,1.40415,382.346,0.853391
262144,512,f16,tc,native,32,4,65536,128,1.41424,379.618,0.847301
262144,512,f16,tc,native,32,16,16384,512,1.41575,379.214,0.846399
262144,512,f16,tc,native,32,1,262144,32,1.40872,381.105,0.85062
262144,512,f16,tc,native,32,4,65536,128,1.41799,378.615,0.845062
262144,512,f16,tc,native,32,16,16384,512,1.41501,379.411,0.84684
262144,512,f16,tc,native,32,1,262144,32,1.41085,380.529,0.849335
262144,512,f16,tc,native,32,4,65536,128,1.42373,377.088,0.841653
262144,512,f16,tc,native,32,16,16384,512,1.41862,378.446,0.844685
262144,512,bf16,tc,native,32,1,262144,32,1.40784,381.344,0.851154
262144,512,bf16,tc,native,32,4,65536,128,1.41415,379.643,0.847356
262144,512,bf16,tc,native,32,16,16384,512,1.41802,378.605,0.845039
262144,512,bf16,tc,native,32,1,262144,32,1.41212,380.187,0.848571
262144,512,bf16,tc,native,32,4,65536,128,1.42247,377.421,0.842399
262144,512,bf16,tc,native,32,16,16384,512,1.41941,378.237,0.844218
262144,512,bf16,tc,native,32,1,262144,32,1.40863,381.13,0.850675
262144,512,bf16,tc,native,32,4,65536,128,1.41682,378.928,0.84576
262144,512,bf16,tc,native,32,16,16384,512,1.4123,380.14,0.848465
1024,1024,f16,tc,native,32,1,1024,32,0.0104768,400.342,0.893557
1024,1024,f16,tc,native,32,4,256,128,0.0123334,340.076,0.759043
1024,1024,f16,tc,native,32,16,64,512,0.0124038,338.146,0.754735
1024,1024,f16,tc,native,32,1,1024,32,0.0103846,403.895,0.901487
1024,1024,f16,tc,native,32,4,256,128,0.0123149,340.588,0.760187
1024,1024,f16,tc,native,32,16,64,512,0.0124237,337.606,0.75353
1024,1024,f16,tc,native,32,1,1024,32,0.0103712,404.418,0.902655
1024,1024,f16,tc,native,32,4,256,128,0.0123226,340.376,0.759714
1024,1024,f16,tc,native,32,16,64,512,0.0124461,336.998,0.752174
1024,1024,bf16,tc,native,32,1,1024,32,0.0103718,404.393,0.902599
1024,1024,bf16,tc,native,32,4,256,128,0.0124032,338.163,0.754774
1024,1024,bf16,tc,native,32,16,64,512,0.0124045,338.128,0.754696
1024,1024,bf16,tc,native,32,1,1024,32,0.0105242,398.541,0.889536
1024,1024,bf16,tc,native,32,4,256,128,0.0122176,343.3,0.76624
1024,1024,bf16,tc,native,32,16,64,512,0.0124058,338.093,0.754619
1024,1024,bf16,tc,native,32,1,1024,32,0.0104474,401.47,0.896075
1024,1024,bf16,tc,native,32,4,256,128,0.0123322,340.111,0.759122
1024,1024,bf16,tc,native,32,16,64,512,0.0124173,337.78,0.753919
4096,1024,f16,tc,native,32,1,4096,32,0.032928,509.512,1.13722
4096,1024,f16,tc,native,32,4,1024,128,0.032896,510.008,1.13833
4096,1024,f16,tc,native,32,16,256,512,0.0410963,408.241,0.911188
4096,1024,f16,tc,native,32,1,4096,32,0.0328896,510.107,1.13855
4096,1024,f16,tc,native,32,4,1024,128,0.0328934,510.047,1.13842
4096,1024,f16,tc,native,32,16,256,512,0.0410752,408.451,0.911656
4096,1024,f16,tc,native,32,1,4096,32,0.0328851,510.177,1.13871
4096,1024,f16,tc,native,32,4,1024,128,0.0328845,510.186,1.13873
4096,1024,f16,tc,native,32,16,256,512,0.0410963,408.241,0.911188
4096,1024,bf16,tc,native,32,1,4096,32,0.0329011,509.928,1.13815
4096,1024,bf16,tc,native,32,4,1024,128,0.0328947,510.028,1.13837
4096,1024,bf16,tc,native,32,16,256,512,0.041113,408.076,0.910819
4096,1024,bf16,tc,native,32,1,4096,32,0.0329338,509.423,1.13702
4096,1024,bf16,tc,native,32,4,1024,128,0.03288,510.256,1.13888
4096,1024,bf16,tc,native,32,16,256,512,0.0411046,408.159,0.911003
4096,1024,bf16,tc,native,32,1,4096,32,0.0328832,510.206,1.13877
4096,1024,bf16,tc,native,32,4,1024,128,0.0328832,510.206,1.13877
4096,1024,bf16,tc,native,32,16,256,512,0.0411162,408.044,0.910748
16384,1024,f16,tc,native,32,1,16384,32,0.17284,388.271,0.866614
16384,1024,f16,tc,native,32,4,4096,128,0.17258,388.857,0.867922
16384,1024,f16,tc,native,32,16,1024,512,0.165051,406.595,0.907513
16384,1024,f16,tc,native,32,1,16384,32,0.176257,380.745,0.849817
16384,1024,f16,tc,native,32,4,4096,128,0.172355,389.365,0.869057
16384,1024,f16,tc,native,32,16,1024,512,0.165408,405.717,0.905554
16384,1024,f16,tc,native,32,1,16384,32,0.176122,381.036,0.850465
16384,1024,f16,tc,native,32,4,4096,128,0.173271,387.306,0.86446
16384,1024,f16,tc,native,32,16,1024,512,0.165558,405.35,0.904735
16384,1024,bf16,tc,native,32,1,16384,32,0.173149,387.578,0.865067
16384,1024,bf16,tc,native,32,4,4096,128,0.1726,388.812,0.867822
16384,1024,bf16,tc,native,32,16,1024,512,0.168835,397.483,0.887175
16384,1024,bf16,tc,native,32,1,16384,32,0.172738,388.501,0.867128
16384,1024,bf16,tc,native,32,4,4096,128,0.172451,389.148,0.868573
16384,1024,bf16,tc,native,32,16,1024,512,0.165379,405.788,0.905712
16384,1024,bf16,tc,native,32,1,16384,32,0.173115,387.655,0.86524
16384,1024,bf16,tc,native,32,4,4096,128,0.172617,388.773,0.867736
16384,1024,bf16,tc,native,32,16,1024,512,0.165593,405.264,0.904543
65536,1024,f16,tc,native,32,1,65536,32,0.708805,378.715,0.845287
65536,1024,f16,tc,native,32,4,16384,128,0.707851,379.226,0.846426
65536,1024,f16,tc,native,32,16,4096,512,0.700408,383.256,0.85542
65536,1024,f16,tc,native,32,1,65536,32,0.707326,379.507,0.847054
65536,1024,f16,tc,native,32,4,16384,128,0.701624,382.591,0.853938
65536,1024,f16,tc,native,32,16,4096,512,0.701462,382.68,0.854136
65536,1024,f16,tc,native,32,1,65536,32,0.703336,381.661,0.85186
65536,1024,f16,tc,native,32,4,16384,128,0.709445,378.374,0.844524
65536,1024,f16,tc,native,32,16,4096,512,0.697182,385.029,0.859379
65536,1024,bf16,tc,native,32,1,65536,32,0.708176,379.052,0.846038
65536,1024,bf16,tc,native,32,4,16384,128,0.712105,376.961,0.84137
65536,1024,bf16,tc,native,32,16,4096,512,0.700927,382.972,0.854788
65536,1024,bf16,tc,native,32,1,65536,32,0.706724,379.83,0.847775
65536,1024,bf16,tc,native,32,4,16384,128,0.705782,380.337,0.848907
65536,1024,bf16,tc,native,32,16,4096,512,0.70125,382.796,0.854394
65536,1024,bf16,tc,native,32,1,65536,32,0.706758,379.813,0.847735
65536,1024,bf16,tc,native,32,4,16384,128,0.702073,382.347,0.853392
65536,1024,bf16,tc,native,32,16,4096,512,0.70152,382.648,0.854065
262144,1024,f16,tc,native,32,1,262144,32,2.83014,379.395,0.846804
262144,1024,f16,tc,native,32,4,65536,128,2.83113,379.263,0.846508
262144,1024,f16,tc,native,32,16,16384,512,2.81748,381.1,0.85061
262144,1024,f16,tc,native,32,1,262144,32,2.83467,378.788,0.84545
262144,1024,f16,tc,native,32,4,65536,128,2.83358,378.935,0.845777
262144,1024,f16,tc,native,32,16,16384,512,2.81466,381.481,0.85146
262144,1024,f16,tc,native,32,1,262144,32,2.84271,377.718,0.84306
262144,1024,f16,tc,native,32,4,65536,128,2.83042,379.357,0.846719
262144,1024,f16,tc,native,32,16,16384,512,2.81653,381.229,0.850897
262144,1024,bf16,tc,native,32,1,262144,32,2.83124,379.248,0.846475
262144,1024,bf16,tc,native,32,4,65536,128,2.82625,379.918,0.847971
262144,1024,bf16,tc,native,32,16,16384,512,2.81163,381.893,0.852379
262144,1024,bf16,tc,native,32,1,262144,32,2.83535,378.698,0.845247
262144,1024,bf16,tc,native,32,4,65536,128,2.83418,378.854,0.845597
262144,1024,bf16,tc,native,32,16,16384,512,2.80822,382.357,0.853414
262144,1024,bf16,tc,native,32,1,262144,32,2.83427,378.843,0.845571
262144,1024,bf16,tc,native,32,4,65536,128,2.83006,379.406,0.846827
262144,1024,bf16,tc,native,32,16,16384,512,2.81141,381.923,0.852445
