rows,dim,dtype,kernel,acc,tpr,rpb,grid,block,ms,gbps,peak_frac
2048,64,f16,smem,native,32,1,2048,32,0.0228541,22.9406,0.0447388
2048,64,f16,smem,native,32,4,2048,128,0.0238248,22.006,0.0429161
2048,64,f16,smem,native,32,16,2048,512,0.0364751,14.3739,0.0280319
2048,64,f16,smem,native,32,1,2048,32,0.0226112,23.1871,0.0452195
2048,64,f16,smem,native,32,4,2048,128,0.0237949,22.0336,0.04297
2048,64,f16,smem,native,32,16,2048,512,0.0367403,14.2701,0.0278296
2048,64,f16,smem,native,32,1,2048,32,0.0227452,23.0505,0.0449531
2048,64,f16,smem,native,32,4,2048,128,0.0236882,22.1328,0.0431635
2048,64,f16,smem,native,32,16,2048,512,0.0365327,14.3512,0.0279877
2048,64,bf16,smem,native,32,1,2048,32,0.0239889,21.8555,0.0426225
2048,64,bf16,smem,native,32,4,2048,128,0.0245055,21.3947,0.0417239
2048,64,bf16,smem,native,32,16,2048,512,0.0378455,13.8534,0.0270169
2048,64,bf16,smem,native,32,1,2048,32,0.02398,21.8635,0.0426383
2048,64,bf16,smem,native,32,4,2048,128,0.0244907,21.4076,0.0417492
2048,64,bf16,smem,native,32,16,2048,512,0.0378256,13.8607,0.0270311
2048,64,bf16,smem,native,32,1,2048,32,0.0238273,22.0036,0.0429115
2048,64,bf16,smem,native,32,4,2048,128,0.0243204,21.5576,0.0420416
2048,64,bf16,smem,native,32,16,2048,512,0.0378133,13.8652,0.0270399
8192,64,f16,smem,native,32,1,8192,32,0.0388899,53.9254,0.105165
8192,64,f16,smem,native,32,4,8192,128,0.044449,47.1811,0.0920125
8192,64,f16,smem,native,32,16,8192,512,0.0926434,22.6368,0.0441463
8192,64,f16,smem,native,32,1,8192,32,0.0390342,53.726,0.104776
8192,64,f16,smem,native,32,4,8192,128,0.0444246,47.207,0.0920631
8192,64,f16,smem,native,32,16,8192,512,0.0925395,22.6622,0.0441959
8192,64,f16,smem,native,32,1,8192,32,0.0388465,53.9856,0.105283
8192,64,f16,smem,native,32,4,8192,128,0.0443205,47.3178,0.0922792
8192,64,f16,smem,native,32,16,8192,512,0.0926369,22.6384,0.0441494
8192,64,bf16,smem,native,32,1,8192,32,0.0389334,53.8651,0.105048
8192,64,bf16,smem,native,32,4,8192,128,0.0433216,48.4089,0.0944071
8192,64,bf16,smem,native,32,16,8192,512,0.0940594,22.296,0.0434817
8192,64,bf16,smem,native,32,1,8192,32,0.0389693,53.8154,0.104951
8192,64,bf16,smem,native,32,4,8192,128,0.04346,48.2547,0.0941063
8192,64,bf16,smem,native,32,16,8192,512,0.0941136,22.2832,0.0434567
8192,64,bf16,smem,native,32,1,8192,32,0.0389498,53.8425,0.105004
8192,64,bf16,smem,native,32,4,8192,128,0.0432519,48.4869,0.0945592
8192,64,bf16,smem,native,32,16,8192,512,0.0941966,22.2636,0.0434184
32768,64,f16,smem,native,32,1,32768,32,0.10545,79.5503,0.155139
32768,64,f16,smem,native,32,4,32768,128,0.126499,66.3136,0.129325
32768,64,f16,smem,native,32,16,32768,512,0.316355,26.5164,0.0517123
32768,64,f16,smem,native,32,1,32768,32,0.105318,79.6501,0.155334
32768,64,f16,smem,native,32,4,32768,128,0.126239,66.45,0.129591
32768,64,f16,smem,native,32,16,32768,512,0.316417,26.5113,0.0517023
32768,64,f16,smem,native,32,1,32768,32,0.105303,79.6616,0.155356
32768,64,f16,smem,native,32,4,32768,128,0.12639,66.3706,0.129436
32768,64,f16,smem,native,32,16,32768,512,0.316304,26.5207,0.0517207
32768,64,bf16,smem,native,32,1,32768,32,0.0995863,84.2345,0.164274
32768,64,bf16,smem,native,32,4,32768,128,0.119554,70.1656,0.136837
32768,64,bf16,smem,native,32,16,32768,512,0.31768,26.4059,0.0514967
32768,64,bf16,smem,native,32,1,32768,32,0.0999316,83.9435,0.163707
32768,64,bf16,smem,native,32,4,32768,128,0.119516,70.1879,0.13688
32768,64,bf16,smem,native,32,16,32768,512,0.317725,26.4021,0.0514894
32768,64,bf16,smem,native,32,1,32768,32,0.0998602,84.0035,0.163824
32768,64,bf16,smem,native,32,4,32768,128,0.119724,70.0662,0.136643
32768,64,bf16,smem,native,32,16,32768,512,0.317807,26.3953,0.0514761
131072,64,f16,smem,native,32,1,131072,32,0.362652,92.5252,0.180443
131072,64,f16,smem,native,32,4,131072,128,0.447339,75.009,0.146282
131072,64,f16,smem,native,32,16,131072,512,1.20466,27.8539,0.0543206
131072,64,f16,smem,native,32,1,131072,32,0.362697,92.5136,0.18042
131072,64,f16,smem,native,32,4,131072,128,0.447539,74.9755,0.146217
131072,64,f16,smem,native,32,16,131072,512,1.20496,27.847,0.0543071
131072,64,f16,smem,native,32,1,131072,32,0.362623,92.5327,0.180457
131072,64,f16,smem,native,32,4,131072,128,0.447509,74.9804,0.146227
131072,64,f16,smem,native,32,16,131072,512,1.2048,27.8506,0.0543143
131072,64,bf16,smem,native,32,1,131072,32,0.337847,99.3185,0.193691
131072,64,bf16,smem,native,32,4,131072,128,0.419252,80.0341,0.156082
131072,64,bf16,smem,native,32,16,131072,512,1.20666,27.8078,0.0542307
131072,64,bf16,smem,native,32,1,131072,32,0.337888,99.3063,0.193667
131072,64,bf16,smem,native,32,4,131072,128,0.419335,80.0183,0.156052
131072,64,bf16,smem,native,32,16,131072,512,1.20668,27.8073,0.0542299
131072,64,bf16,smem,native,32,1,131072,32,0.337879,99.3091,0.193673
131072,64,bf16,smem,native,32,4,131072,128,0.419365,80.0124,0.15604
131072,64,bf16,smem,native,32,16,131072,512,1.20671,27.8064,0.0542281
2048,128,f16,smem,native,32,1,2048,32,0.0254494,41.2024,0.0803528
2048,128,f16,smem,native,32,4,2048,128,0.02647,39.6137,0.0772547
2048,128,f16,smem,native,32,16,2048,512,0.040681,25.7756,0.0502675
2048,128,f16,smem,native,32,1,2048,32,0.025496,41.1271,0.080206
2048,128,f16,smem,native,32,4,2048,128,0.026325,39.832,0.0776803
2048,128,f16,smem,native,32,16,2048,512,0.040517,25.8799,0.050471
2048,128,f16,smem,native,32,1,2048,32,0.0251939,41.6202,0.0811678
2048,128,f16,smem,native,32,4,2048,128,0.0263718,39.7612,0.0775423
2048,128,f16,smem,native,32,16,2048,512,0.0405245,25.8751,0.0504616
2048,128,bf16,smem,native,32,1,2048,32,0.0281024,37.3127,0.0727672
2048,128,bf16,smem,native,32,4,2048,128,0.0289541,36.2151,0.0706267
2048,128,bf16,smem,native,32,16,2048,512,0.0429079,24.4378,0.0476586
2048,128,bf16,smem,native,32,1,2048,32,0.0279923,37.4594,0.0730533
2048,128,bf16,smem,native,32,4,2048,128,0.028928,36.2477,0.0706903
2048,128,bf16,smem,native,32,16,2048,512,0.0430907,24.3341,0.0474564
2048,128,bf16,smem,native,32,1,2048,32,0.0280472,37.3861,0.0729103
2048,128,bf16,smem,native,32,4,2048,128,0.0289219,36.2554,0.0707052
2048,128,bf16,smem,native,32,16,2048,512,0.0430126,24.3783,0.0475426
8192,128,f16,smem,native,32,1,8192,32,0.0489255,85.7283,0.167187
8192,128,f16,smem,native,32,4,8192,128,0.0540978,77.5319,0.151203
8192,128,f16,smem,native,32,16,8192,512,0.101601,41.2819,0.080508
8192,128,f16,smem,native,32,1,8192,32,0.0490182,85.5663,0.166871
8192,128,f16,smem,native,32,4,8192,128,0.0540657,77.578,0.151293
8192,128,f16,smem,native,32,16,8192,512,0.101768,41.2145,0.0803765
8192,128,f16,smem,native,32,1,8192,32,0.0489249,85.7294,0.16719
8192,128,f16,smem,native,32,4,8192,128,0.0539502,77.744,0.151616
8192,128,f16,smem,native,32,16,8192,512,0.101706,41.2394,0.0804251
8192,128,bf16,smem,native,32,1,8192,32,0.0500673,83.7733,0.163375
8192,128,bf16,smem,native,32,4,8192,128,0.0541301,77.4856,0.151112
8192,128,bf16,smem,native,32,16,8192,512,0.104398,40.1761,0.0783514
8192,128,bf16,smem,native,32,1,8192,32,0.0500371,83.8239,0.163473
8192,128,bf16,smem,native,32,4,8192,128,0.0542197,77.3575,0.150863
8192,128,bf16,smem,native,32,16,8192,512,0.104438,40.1605,0.078321
8192,128,bf16,smem,native,32,1,8192,32,0.0501151,83.6935,0.163219
8192,128,bf16,smem,native,32,4,8192,128,0.0542659,77.2917,0.150734
8192,128,bf16,smem,native,32,16,8192,512,0.104479,40.1448,0.0782905
32768,128,f16,smem,native,32,1,32768,32,0.139625,120.159,0.234334
32768,128,f16,smem,native,32,4,32768,128,0.161331,103.992,0.202806
32768,128,f16,smem,native,32,16,32768,512,0.342469,48.9891,0.0955385
32768,128,f16,smem,native,32,1,32768,32,0.139697,120.097,0.234213
32768,128,f16,smem,native,32,4,32768,128,0.161277,104.027,0.202874
32768,128,f16,smem,native,32,16,32768,512,0.342552,48.9772,0.0955153
32768,128,f16,smem,native,32,1,32768,32,0.139542,120.231,0.234474
32768,128,f16,smem,native,32,4,32768,128,0.161187,104.086,0.202988
32768,128,f16,smem,native,32,16,32768,512,0.342619,48.9676,0.0954966
32768,128,bf16,smem,native,32,1,32768,32,0.133626,125.554,0.244855
32768,128,bf16,smem,native,32,4,32768,128,0.151209,110.954,0.216382
32768,128,bf16,smem,native,32,16,32768,512,0.347011,48.3478,0.0942878
32768,128,bf16,smem,native,32,1,32768,32,0.133426,125.742,0.245221
32768,128,bf16,smem,native,32,4,32768,128,0.151154,110.994,0.216461
32768,128,bf16,smem,native,32,16,32768,512,0.347098,48.3357,0.0942643
32768,128,bf16,smem,native,32,1,32768,32,0.133425,125.743,0.245224
32768,128,bf16,smem,native,32,4,32768,128,0.151058,111.065,0.216598
32768,128,bf16,smem,native,32,16,32768,512,0.346994,48.3502,0.0942926
131072,128,f16,smem,native,32,1,131072,32,0.501431,133.835,0.261004
131072,128,f16,smem,native,32,4,131072,128,0.589265,113.886,0.2221
131072,128,f16,smem,native,32,16,131072,512,1.31382,51.0792,0.0996146
131072,128,f16,smem,native,32,1,131072,32,0.501328,133.862,0.261058
131072,128,f16,smem,native,32,4,131072,128,0.58917,113.904,0.222136
131072,128,f16,smem,native,32,16,131072,512,1.31338,51.0963,0.099648
131072,128,f16,smem,native,32,1,131072,32,0.501577,133.796,0.260928
131072,128,f16,smem,native,32,4,131072,128,0.58913,113.912,0.222151
131072,128,f16,smem,native,32,16,131072,512,1.3137,51.0838,0.0996236
131072,128,bf16,smem,native,32,1,131072,32,0.468962,143.101,0.279075
131072,128,bf16,smem,native,32,4,131072,128,0.539679,124.35,0.242507
131072,128,bf16,smem,native,32,16,131072,512,1.33815,50.1505,0.0978035
131072,128,bf16,smem,native,32,1,131072,32,0.46894,143.108,0.279088
131072,128,bf16,smem,native,32,4,131072,128,0.539855,124.309,0.242428
131072,128,bf16,smem,native,32,16,131072,512,1.33809,50.1529,0.0978082
131072,128,bf16,smem,native,32,1,131072,32,0.468736,143.17,0.27921
131072,128,bf16,smem,native,32,4,131072,128,0.539733,124.337,0.242482
131072,128,bf16,smem,native,32,16,131072,512,1.33813,50.1511,0.0978047
2048,256,f16,smem,native,32,1,2048,32,0.0333884,62.8108,0.122494
2048,256,f16,smem,native,32,4,2048,128,0.0344732,60.8343,0.118639
2048,256,f16,smem,native,32,16,2048,512,0.0568797,36.87,0.0719038
2048,256,f16,smem,native,32,1,2048,32,0.0331905,63.1853,0.123224
2048,256,f16,smem,native,32,4,2048,128,0.0344151,60.9369,0.118839
2048,256,f16,smem,native,32,16,2048,512,0.0567463,36.9566,0.0720728
2048,256,f16,smem,native,32,1,2048,32,0.0332361,63.0987,0.123055
2048,256,f16,smem,native,32,4,2048,128,0.0345065,60.7756,0.118524
2048,256,f16,smem,native,32,16,2048,512,0.0568872,36.8651,0.0718943
2048,256,bf16,smem,native,32,1,2048,32,0.0389203,53.8833,0.105083
2048,256,bf16,smem,native,32,4,2048,128,0.0401116,52.2829,0.101962
2048,256,bf16,smem,native,32,16,2048,512,0.0659209,31.8131,0.062042
2048,256,bf16,smem,native,32,1,2048,32,0.0387094,54.1768,0.105656
2048,256,bf16,smem,native,32,4,2048,128,0.0400365,52.3809,0.102153
2048,256,bf16,smem,native,32,16,2048,512,0.0658743,31.8357,0.0620859
2048,256,bf16,smem,native,32,1,2048,32,0.0386816,54.2157,0.105731
2048,256,bf16,smem,native,32,4,2048,128,0.0399898,52.4422,0.102273
2048,256,bf16,smem,native,32,16,2048,512,0.065786,31.8784,0.0621692
8192,256,f16,smem,native,32,1,8192,32,0.0707466,118.573,0.23124
8192,256,f16,smem,native,32,4,8192,128,0.076202,110.084,0.214685
8192,256,f16,smem,native,32,16,8192,512,0.155384,53.9861,0.105284
8192,256,f16,smem,native,32,1,8192,32,0.0708489,118.401,0.230906
8192,256,f16,smem,native,32,4,8192,128,0.0763336,109.894,0.214315
8192,256,f16,smem,native,32,16,8192,512,0.155304,54.0142,0.105338
8192,256,f16,smem,native,32,1,8192,32,0.0708648,118.375,0.230855
8192,256,f16,smem,native,32,4,8192,128,0.0764742,109.692,0.213921
8192,256,f16,smem,native,32,16,8192,512,0.15545,53.9635,0.10524
8192,256,bf16,smem,native,32,1,8192,32,0.0777722,107.861,0.210351
8192,256,bf16,smem,native,32,4,8192,128,0.0801507,104.66,0.204109
8192,256,bf16,smem,native,32,16,8192,512,0.182444,45.9792,0.0896686
8192,256,bf16,smem,native,32,1,8192,32,0.077718,107.937,0.210498
8192,256,bf16,smem,native,32,4,8192,128,0.080077,104.757,0.204297
8192,256,bf16,smem,native,32,16,8192,512,0.182159,46.0511,0.0898088
8192,256,bf16,smem,native,32,1,8192,32,0.0778189,107.797,0.210225
8192,256,bf16,smem,native,32,4,8192,128,0.0800052,104.851,0.20448
8192,256,bf16,smem,native,32,16,8192,512,0.182261,46.0252,0.0897582
32768,256,f16,smem,native,32,1,32768,32,0.219707,152.724,0.297842
32768,256,f16,smem,native,32,4,32768,128,0.242256,138.508,0.270119
32768,256,f16,smem,native,32,16,32768,512,0.55864,60.0645,0.117138
32768,256,f16,smem,native,32,1,32768,32,0.219677,152.744,0.297882
32768,256,f16,smem,native,32,4,32768,128,0.242237,138.519,0.27014
32768,256,f16,smem,native,32,16,32768,512,0.55857,60.072,0.117152
32768,256,f16,smem,native,32,1,32768,32,0.219882,152.602,0.297604
32768,256,f16,smem,native,32,4,32768,128,0.242253,138.51,0.270122
32768,256,f16,smem,native,32,16,32768,512,0.55863,60.0656,0.11714
32768,256,bf16,smem,native,32,1,32768,32,0.235248,142.634,0.278165
32768,256,bf16,smem,native,32,4,32768,128,0.241989,138.661,0.270416
32768,256,bf16,smem,native,32,16,32768,512,0.655921,51.1562,0.0997648
32768,256,bf16,smem,native,32,1,32768,32,0.235232,142.644,0.278185
32768,256,bf16,smem,native,32,4,32768,128,0.241886,138.72,0.270532
32768,256,bf16,smem,native,32,16,32768,512,0.655979,51.1517,0.0997561
32768,256,bf16,smem,native,32,1,32768,32,0.235422,142.529,0.277959
32768,256,bf16,smem,native,32,4,32768,128,0.24175,138.798,0.270684
32768,256,bf16,smem,native,32,16,32768,512,0.655888,51.1588,0.0997699
131072,256,f16,smem,native,32,1,131072,32,0.782744,171.471,0.334402
131072,256,f16,smem,native,32,4,131072,128,0.873987,153.569,0.299491
131072,256,f16,smem,native,32,16,131072,512,2.13252,62.9386,0.122743
131072,256,f16,smem,native,32,1,131072,32,0.782685,171.484,0.334428
131072,256,f16,smem,native,32,4,131072,128,0.873979,153.571,0.299494
131072,256,f16,smem,native,32,16,131072,512,2.13247,62.9401,0.122746
131072,256,f16,smem,native,32,1,131072,32,0.782779,171.463,0.334388
131072,256,f16,smem,native,32,4,131072,128,0.87415,153.541,0.299435
131072,256,f16,smem,native,32,16,131072,512,2.13259,62.9364,0.122739
131072,256,bf16,smem,native,32,1,131072,32,0.827433,162.21,0.316342
131072,256,bf16,smem,native,32,4,131072,128,0.849539,157.989,0.30811
131072,256,bf16,smem,native,32,16,131072,512,2.51125,53.4465,0.104231
131072,256,bf16,smem,native,32,1,131072,32,0.827441,162.208,0.316339
131072,256,bf16,smem,native,32,4,131072,128,0.849574,157.982,0.308097
131072,256,bf16,smem,native,32,16,131072,512,2.50601,53.5583,0.104449
131072,256,bf16,smem,native,32,1,131072,32,0.827461,162.204,0.316331
131072,256,bf16,smem,native,32,4,131072,128,0.8496,157.978,0.308088
131072,256,bf16,smem,native,32,16,131072,512,2.51138,53.4437,0.104226
2048,512,f16,smem,native,32,1,2048,32,0.0520386,80.5999,0.157186
2048,512,f16,smem,native,32,4,2048,128,0.0393032,106.717,0.208119
2048,512,f16,smem,native,32,16,2048,512,0.0577849,72.5848,0.141555
2048,512,f16,smem,native,32,1,2048,32,0.052022,80.6256,0.157236
2048,512,f16,smem,native,32,4,2048,128,0.0392526,106.854,0.208387
2048,512,f16,smem,native,32,16,2048,512,0.0576819,72.7144,0.141808
2048,512,f16,smem,native,32,1,2048,32,0.0520135,80.6387,0.157262
2048,512,f16,smem,native,32,4,2048,128,0.0392782,106.785,0.208251
2048,512,f16,smem,native,32,16,2048,512,0.0577692,72.6045,0.141593
2048,512,bf16,smem,native,32,1,2048,32,0.053887,77.8352,0.151794
2048,512,bf16,smem,native,32,4,2048,128,0.0430818,97.3567,0.189865
2048,512,bf16,smem,native,32,16,2048,512,0.0660119,63.5386,0.123913
2048,512,bf16,smem,native,32,1,2048,32,0.0539623,77.7265,0.151582
2048,512,bf16,smem,native,32,4,2048,128,0.0431433,97.2179,0.189594
2048,512,bf16,smem,native,32,16,2048,512,0.0660446,63.5071,0.123852
2048,512,bf16,smem,native,32,1,2048,32,0.0538681,77.8624,0.151847
2048,512,bf16,smem,native,32,4,2048,128,0.0430443,97.4415,0.19003
2048,512,bf16,smem,native,32,16,2048,512,0.0660997,63.4542,0.123748
8192,512,f16,smem,native,32,1,8192,32,0.13639,123.009,0.239892
8192,512,f16,smem,native,32,4,8192,128,0.0915233,183.311,0.357493
8192,512,f16,smem,native,32,16,8192,512,0.152766,109.823,0.214177
8192,512,f16,smem,native,32,1,8192,32,0.136275,123.113,0.240095
8192,512,f16,smem,native,32,4,8192,128,0.091477,183.404,0.357674
8192,512,f16,smem,native,32,16,8192,512,0.152794,109.803,0.214138
8192,512,f16,smem,native,32,1,8192,32,0.136342,123.052,0.239977
8192,512,f16,smem,native,32,4,8192,128,0.0916369,183.084,0.35705
8192,512,f16,smem,native,32,16,8192,512,0.152363,110.113,0.214743
8192,512,bf16,smem,native,32,1,8192,32,0.138692,120.967,0.23591
8192,512,bf16,smem,native,32,4,8192,128,0.0911943,183.972,0.358783
8192,512,bf16,smem,native,32,16,8192,512,0.172929,97.0177,0.189204
8192,512,bf16,smem,native,32,1,8192,32,0.138706,120.955,0.235887
8192,512,bf16,smem,native,32,4,8192,128,0.0911611,184.039,0.358913
8192,512,bf16,smem,native,32,16,8192,512,0.172948,97.0072,0.189183
8192,512,bf16,smem,native,32,1,8192,32,0.138647,121.006,0.235987
8192,512,bf16,smem,native,32,4,8192,128,0.0914383,183.481,0.357825
8192,512,bf16,smem,native,32,16,8192,512,0.173075,96.9361,0.189045
32768,512,f16,smem,native,32,1,32768,32,0.479008,140.1,0.273222
32768,512,f16,smem,native,32,4,32768,128,0.303743,220.94,0.430877
32768,512,f16,smem,native,32,16,32768,512,0.542178,123.777,0.241389
32768,512,f16,smem,native,32,1,32768,32,0.478868,140.141,0.273302
32768,512,f16,smem,native,32,4,32768,128,0.303801,220.898,0.430794
32768,512,f16,smem,native,32,16,32768,512,0.54205,123.806,0.241446
32768,512,f16,smem,native,32,1,32768,32,0.479094,140.074,0.273173
32768,512,f16,smem,native,32,4,32768,128,0.30367,220.993,0.43098
32768,512,f16,smem,native,32,16,32768,512,0.542161,123.78,0.241396
32768,512,bf16,smem,native,32,1,32768,32,0.480595,139.637,0.27232
32768,512,bf16,smem,native,32,4,32768,128,0.287176,233.686,0.455734
32768,512,bf16,smem,native,32,16,32768,512,0.612331,109.596,0.213734
32768,512,bf16,smem,native,32,1,32768,32,0.480539,139.653,0.272352
32768,512,bf16,smem,native,32,4,32768,128,0.287051,233.787,0.455932
32768,512,bf16,smem,native,32,16,32768,512,0.612295,109.602,0.213746
32768,512,bf16,smem,native,32,1,32768,32,0.480411,139.69,0.272424
32768,512,bf16,smem,native,32,4,32768,128,0.287612,233.331,0.455042
32768,512,bf16,smem,native,32,16,32768,512,0.612263,109.608,0.213757
131072,512,f16,smem,native,32,1,131072,32,1.82008,147.485,0.287626
131072,512,f16,smem,native,32,4,131072,128,1.11417,240.928,0.469857
131072,512,f16,smem,native,32,16,131072,512,2.06405,130.053,0.253629
131072,512,f16,smem,native,32,1,131072,32,1.82021,147.475,0.287606
131072,512,f16,smem,native,32,4,131072,128,1.11426,240.91,0.469822
131072,512,f16,smem,native,32,16,131072,512,2.06399,130.057,0.253636
131072,512,f16,smem,native,32,1,131072,32,1.82019,147.477,0.287609
131072,512,f16,smem,native,32,4,131072,128,1.11413,240.937,0.469876
131072,512,f16,smem,native,32,16,131072,512,2.06392,130.061,0.253645
131072,512,bf16,smem,native,32,1,131072,32,1.81034,148.279,0.289174
131072,512,bf16,smem,native,32,4,131072,128,1.02564,261.724,0.510414
131072,512,bf16,smem,native,32,16,131072,512,2.32038,115.686,0.225611
131072,512,bf16,smem,native,32,1,131072,32,1.81036,148.277,0.28917
131072,512,bf16,smem,native,32,4,131072,128,1.02563,261.729,0.510423
131072,512,bf16,smem,native,32,16,131072,512,2.3204,115.685,0.225609
131072,512,bf16,smem,native,32,1,131072,32,1.81031,148.281,0.289179
131072,512,bf16,smem,native,32,4,131072,128,1.02566,261.719,0.510404
131072,512,bf16,smem,native,32,16,131072,512,2.32021,115.695,0.225627
2048,1024,f16,smem,native,32,1,2048,32,0.0917486,91.4303,0.178307
2048,1024,f16,smem,native,32,4,2048,128,0.0509958,164.496,0.3208
2048,1024,f16,smem,native,32,16,2048,512,0.0730136,114.891,0.22406
2048,1024,f16,smem,native,32,1,2048,32,0.0917167,91.4621,0.178369
2048,1024,f16,smem,native,32,4,2048,128,0.0510751,164.241,0.320302
2048,1024,f16,smem,native,32,16,2048,512,0.0729547,114.984,0.224241
2048,1024,f16,smem,native,32,1,2048,32,0.0916564,91.5223,0.178487
2048,1024,f16,smem,native,32,4,2048,128,0.0512145,163.794,0.319431
2048,1024,f16,smem,native,32,16,2048,512,0.0727893,115.245,0.224751
2048,1024,bf16,smem,native,32,1,2048,32,0.0931789,90.0269,0.17557
2048,1024,bf16,smem,native,32,4,2048,128,0.0548795,152.855,0.298098
2048,1024,bf16,smem,native,32,16,2048,512,0.0815144,102.909,0.200694
2048,1024,bf16,smem,native,32,1,2048,32,0.0934508,89.7649,0.17506
2048,1024,bf16,smem,native,32,4,2048,128,0.0549259,152.726,0.297846
2048,1024,bf16,smem,native,32,16,2048,512,0.0815997,102.802,0.200484
2048,1024,bf16,smem,native,32,1,2048,32,0.0934223,89.7923,0.175113
2048,1024,bf16,smem,native,32,4,2048,128,0.0548518,152.932,0.298248
2048,1024,bf16,smem,native,32,16,2048,512,0.0816148,102.783,0.200447
8192,1024,f16,smem,native,32,1,8192,32,0.285928,117.353,0.228861
8192,1024,f16,smem,native,32,4,8192,128,0.142591,235.319,0.45892
8192,1024,f16,smem,native,32,16,8192,512,0.216983,154.641,0.30158
8192,1024,f16,smem,native,32,1,8192,32,0.285912,117.359,0.228874
8192,1024,f16,smem,native,32,4,8192,128,0.142394,235.645,0.459555
8192,1024,f16,smem,native,32,16,8192,512,0.217168,154.509,0.301323
8192,1024,f16,smem,native,32,1,8192,32,0.285941,117.347,0.228851
8192,1024,f16,smem,native,32,4,8192,128,0.142425,235.593,0.459454
8192,1024,f16,smem,native,32,16,8192,512,0.217074,154.576,0.301454
8192,1024,bf16,smem,native,32,1,8192,32,0.285771,117.417,0.228987
8192,1024,bf16,smem,native,32,4,8192,128,0.138602,242.093,0.472129
8192,1024,bf16,smem,native,32,16,8192,512,0.241239,139.092,0.271258
8192,1024,bf16,smem,native,32,1,8192,32,0.285797,117.406,0.228966
8192,1024,bf16,smem,native,32,4,8192,128,0.13871,241.903,0.471759
8192,1024,bf16,smem,native,32,16,8192,512,0.240969,139.248,0.271561
8192,1024,bf16,smem,native,32,1,8192,32,0.285936,117.349,0.228855
8192,1024,bf16,smem,native,32,4,8192,128,0.138736,241.858,0.471672
8192,1024,bf16,smem,native,32,16,8192,512,0.240969,139.248,0.271561
32768,1024,f16,smem,native,32,1,32768,32,1.04295,128.691,0.250973
32768,1024,f16,smem,native,32,4,32768,128,0.464012,289.255,0.564105
32768,1024,f16,smem,native,32,16,32768,512,0.757145,177.268,0.345708
32768,1024,f16,smem,native,32,1,32768,32,1.04297,128.688,0.250967
32768,1024,f16,smem,native,32,4,32768,128,0.463984,289.272,0.564139
32768,1024,f16,smem,native,32,16,32768,512,0.757199,177.255,0.345684
32768,1024,f16,smem,native,32,1,32768,32,1.04294,128.692,0.250975
32768,1024,f16,smem,native,32,4,32768,128,0.464067,289.22,0.564037
32768,1024,f16,smem,native,32,16,32768,512,0.757178,177.261,0.345694
32768,1024,bf16,smem,native,32,1,32768,32,1.02312,131.185,0.255836
32768,1024,bf16,smem,native,32,4,32768,128,0.422672,317.546,0.619278
32768,1024,bf16,smem,native,32,16,32768,512,0.832733,161.177,0.314328
32768,1024,bf16,smem,native,32,1,32768,32,1.02277,131.23,0.255924
32768,1024,bf16,smem,native,32,4,32768,128,0.422556,317.633,0.619448
32768,1024,bf16,smem,native,32,16,32768,512,0.832786,161.167,0.314308
32768,1024,bf16,smem,native,32,1,32768,32,1.02294,131.208,0.255882
32768,1024,bf16,smem,native,32,4,32768,128,0.422635,317.574,0.619332
32768,1024,bf16,smem,native,32,16,32768,512,0.833042,161.118,0.314212
131072,1024,f16,smem,native,32,1,131072,32,4.07097,131.878,0.257188
131072,1024,f16,smem,native,32,4,131072,128,1.74915,306.933,0.598581
131072,1024,f16,smem,native,32,16,131072,512,2.91604,184.11,0.35905
131072,1024,f16,smem,native,32,1,131072,32,4.071,131.877,0.257186
131072,1024,f16,smem,native,32,4,131072,128,1.74893,306.97,0.598653
131072,1024,f16,smem,native,32,16,131072,512,2.91612,184.105,0.359041
131072,1024,f16,smem,native,32,1,131072,32,4.07095,131.878,0.257189
131072,1024,f16,smem,native,32,4,131072,128,1.74916,306.931,0.598576
131072,1024,f16,smem,native,32,16,131072,512,2.91633,184.091,0.359014
131072,1024,bf16,smem,native,32,1,131072,32,3.96951,135.249,0.263762
131072,1024,bf16,smem,native,32,4,131072,128,1.55754,344.692,0.672218
131072,1024,bf16,smem,native,32,16,131072,512,3.19862,167.845,0.327331
131072,1024,bf16,smem,native,32,1,131072,32,3.96934,135.254,0.263773
131072,1024,bf16,smem,native,32,4,131072,128,1.55756,344.688,0.672211
131072,1024,bf16,smem,native,32,16,131072,512,3.19872,167.839,0.32732
131072,1024,bf16,smem,native,32,1,131072,32,3.96937,135.253,0.263771
131072,1024,bf16,smem,native,32,4,131072,128,1.55739,344.726,0.672284
131072,1024,bf16,smem,native,32,16,131072,512,3.19894,167.828,0.327297
2048,2048,f16,smem,native,32,1,2048,32,0.183444,91.4571,0.17836
2048,2048,f16,smem,native,32,4,2048,128,0.0866629,193.592,0.377543
2048,2048,f16,smem,native,32,16,2048,512,0.0977989,171.548,0.334553
2048,2048,f16,smem,native,32,1,2048,32,0.183371,91.4931,0.17843
2048,2048,f16,smem,native,32,4,2048,128,0.086675,193.565,0.37749
2048,2048,f16,smem,native,32,16,2048,512,0.0977955,171.554,0.334565
2048,2048,f16,smem,native,32,1,2048,32,0.183477,91.4402,0.178327
2048,2048,f16,smem,native,32,4,2048,128,0.0867514,193.394,0.377157
2048,2048,f16,smem,native,32,16,2048,512,0.0977873,171.569,0.334593
2048,2048,bf16,smem,native,32,1,2048,32,0.184699,90.8355,0.177147
2048,2048,bf16,smem,native,32,4,2048,128,0.0876782,191.35,0.373171
2048,2048,bf16,smem,native,32,16,2048,512,0.101776,164.844,0.321478
2048,2048,bf16,smem,native,32,1,2048,32,0.184678,90.8455,0.177167
2048,2048,bf16,smem,native,32,4,2048,128,0.0878087,191.066,0.372616
2048,2048,bf16,smem,native,32,16,2048,512,0.101771,164.852,0.321494
2048,2048,bf16,smem,native,32,1,2048,32,0.184572,90.8981,0.177269
2048,2048,bf16,smem,native,32,4,2048,128,0.0878775,190.916,0.372324
2048,2048,bf16,smem,native,32,16,2048,512,0.101796,164.811,0.321415
8192,2048,f16,smem,native,32,1,8192,32,0.615315,109.064,0.212697
8192,2048,f16,smem,native,32,4,8192,128,0.262898,255.265,0.497819
8192,2048,f16,smem,native,32,16,8192,512,0.316841,211.806,0.413064
8192,2048,f16,smem,native,32,1,8192,32,0.615039,109.113,0.212793
8192,2048,f16,smem,native,32,4,8192,128,0.262916,255.248,0.497785
8192,2048,f16,smem,native,32,16,8192,512,0.316737,211.876,0.4132
8192,2048,f16,smem,native,32,1,8192,32,0.61495,109.129,0.212823
8192,2048,f16,smem,native,32,4,8192,128,0.26298,255.186,0.497663
8192,2048,f16,smem,native,32,16,8192,512,0.316661,211.927,0.413299
8192,2048,bf16,smem,native,32,1,8192,32,0.604462,111.022,0.216516
8192,2048,bf16,smem,native,32,4,8192,128,0.246335,272.429,0.531291
8192,2048,bf16,smem,native,32,16,8192,512,0.316771,211.853,0.413156
8192,2048,bf16,smem,native,32,1,8192,32,0.604326,111.048,0.216565
8192,2048,bf16,smem,native,32,4,8192,128,0.246506,272.24,0.530922
8192,2048,bf16,smem,native,32,16,8192,512,0.31675,211.867,0.413183
8192,2048,bf16,smem,native,32,1,8192,32,0.604388,111.036,0.216542
8192,2048,bf16,smem,native,32,4,8192,128,0.246494,272.254,0.53095
8192,2048,bf16,smem,native,32,16,8192,512,0.316828,211.815,0.413081
32768,2048,f16,smem,native,32,1,32768,32,2.32924,115.246,0.224753
32768,2048,f16,smem,native,32,4,32768,128,0.945437,283.927,0.553715
32768,2048,f16,smem,native,32,16,32768,512,1.15363,232.687,0.453786
32768,2048,f16,smem,native,32,1,32768,32,2.32915,115.251,0.224762
32768,2048,f16,smem,native,32,4,32768,128,0.945152,284.013,0.553882
32768,2048,f16,smem,native,32,16,32768,512,1.15352,232.71,0.453831
32768,2048,f16,smem,native,32,1,32768,32,2.32918,115.249,0.224759
32768,2048,f16,smem,native,32,4,32768,128,0.945184,284.003,0.553863
32768,2048,f16,smem,native,32,16,32768,512,1.15347,232.721,0.453852
32768,2048,bf16,smem,native,32,1,32768,32,2.25919,118.819,0.231721
32768,2048,bf16,smem,native,32,4,32768,128,0.843304,318.314,0.620776
32768,2048,bf16,smem,native,32,16,32768,512,1.13044,237.461,0.463097
32768,2048,bf16,smem,native,32,1,32768,32,2.25898,118.83,0.231743
32768,2048,bf16,smem,native,32,4,32768,128,0.843464,318.253,0.620658
32768,2048,bf16,smem,native,32,16,32768,512,1.13035,237.481,0.463135
32768,2048,bf16,smem,native,32,1,32768,32,2.25906,118.826,0.231735
32768,2048,bf16,smem,native,32,4,32768,128,0.843194,318.355,0.620856
32768,2048,bf16,smem,native,32,16,32768,512,1.13026,237.499,0.46317
131072,2048,f16,smem,native,32,1,131072,32,9.18562,116.894,0.227966
131072,2048,f16,smem,native,32,4,131072,128,3.66889,292.661,0.570747
131072,2048,f16,smem,native,32,16,131072,512,4.49958,238.632,0.46538
131072,2048,f16,smem,native,32,1,131072,32,9.18575,116.892,0.227963
131072,2048,f16,smem,native,32,4,131072,128,3.66894,292.658,0.570741
131072,2048,f16,smem,native,32,16,131072,512,4.49944,238.639,0.465394
131072,2048,f16,smem,native,32,1,131072,32,9.18565,116.893,0.227965
131072,2048,f16,smem,native,32,4,131072,128,3.66889,292.661,0.570748
131072,2048,f16,smem,native,32,16,131072,512,4.49942,238.64,0.465395
131072,2048,bf16,smem,native,32,1,131072,32,8.87717,120.955,0.235887
131072,2048,bf16,smem,native,32,4,131072,128,3.2296,332.469,0.648381
131072,2048,bf16,smem,native,32,16,131072,512,4.3892,244.633,0.477083
131072,2048,bf16,smem,native,32,1,131072,32,8.87672,120.962,0.235899
131072,2048,bf16,smem,native,32,4,131072,128,3.22984,332.445,0.648333
131072,2048,bf16,smem,native,32,16,131072,512,4.38948,244.617,0.477052
131072,2048,bf16,smem,native,32,1,131072,32,8.87705,120.957,0.235891
131072,2048,bf16,smem,native,32,4,131072,128,3.22975,332.454,0.648351
131072,2048,bf16,smem,native,32,16,131072,512,4.3894,244.622,0.477061
2048,4096,f16,smem,native,32,1,2048,32,0.528654,63.4714,0.123782
2048,4096,f16,smem,native,32,4,2048,128,0.202217,165.933,0.323603
2048,4096,f16,smem,native,32,16,2048,512,0.177273,189.281,0.369136
2048,4096,f16,smem,native,32,1,2048,32,0.531321,63.1529,0.123161
2048,4096,f16,smem,native,32,4,2048,128,0.202458,165.736,0.323217
2048,4096,f16,smem,native,32,16,2048,512,0.17744,189.103,0.368788
2048,4096,f16,smem,native,32,1,2048,32,0.527074,63.6618,0.124153
2048,4096,f16,smem,native,32,4,2048,128,0.202431,165.757,0.32326
2048,4096,f16,smem,native,32,16,2048,512,0.177493,189.046,0.368678
2048,4096,bf16,smem,native,32,1,2048,32,0.601355,55.7981,0.108817
2048,4096,bf16,smem,native,32,4,2048,128,0.2192,153.077,0.29853
2048,4096,bf16,smem,native,32,16,2048,512,0.171656,195.475,0.381216
2048,4096,bf16,smem,native,32,1,2048,32,0.601404,55.7935,0.108809
2048,4096,bf16,smem,native,32,4,2048,128,0.219183,153.088,0.298553
2048,4096,bf16,smem,native,32,16,2048,512,0.171588,195.553,0.381367
2048,4096,bf16,smem,native,32,1,2048,32,0.601482,55.7863,0.108794
2048,4096,bf16,smem,native,32,4,2048,128,0.219226,153.058,0.298495
2048,4096,bf16,smem,native,32,16,2048,512,0.171344,195.831,0.38191
8192,4096,f16,smem,native,32,1,8192,32,1.65764,80.969,0.157906
8192,4096,f16,smem,native,32,4,8192,128,0.590309,227.369,0.443414
8192,4096,f16,smem,native,32,16,8192,512,0.593167,226.273,0.441278
8192,4096,f16,smem,native,32,1,8192,32,1.65711,80.9949,0.157956
8192,4096,f16,smem,native,32,4,8192,128,0.590172,227.421,0.443517
8192,4096,f16,smem,native,32,16,8192,512,0.593066,226.312,0.441353
8192,4096,f16,smem,native,32,1,8192,32,1.65827,80.9386,0.157846
8192,4096,f16,smem,native,32,4,8192,128,0.590444,227.317,0.443313
8192,4096,f16,smem,native,32,16,8192,512,0.592865,226.388,0.441503
8192,4096,bf16,smem,native,32,1,8192,32,1.84719,72.6604,0.141702
8192,4096,bf16,smem,native,32,4,8192,128,0.620163,216.423,0.422069
8192,4096,bf16,smem,native,32,16,8192,512,0.544484,246.505,0.480733
8192,4096,bf16,smem,native,32,1,8192,32,1.84743,72.6509,0.141684
8192,4096,bf16,smem,native,32,4,8192,128,0.620443,216.326,0.421879
8192,4096,bf16,smem,native,32,16,8192,512,0.544387,246.548,0.480818
8192,4096,bf16,smem,native,32,1,8192,32,1.84672,72.679,0.141739
8192,4096,bf16,smem,native,32,4,8192,128,0.620476,216.314,0.421856
8192,4096,bf16,smem,native,32,16,8192,512,0.544424,246.532,0.480786
32768,4096,f16,smem,native,32,1,32768,32,6.41024,83.7521,0.163333
32768,4096,f16,smem,native,32,4,32768,128,2.20473,243.509,0.474891
32768,4096,f16,smem,native,32,16,32768,512,2.25932,237.625,0.463416
32768,4096,f16,smem,native,32,1,32768,32,6.41065,83.7467,0.163323
32768,4096,f16,smem,native,32,4,32768,128,2.20435,243.551,0.474972
32768,4096,f16,smem,native,32,16,32768,512,2.26002,237.552,0.463273
32768,4096,f16,smem,native,32,1,32768,32,6.41036,83.7505,0.16333
32768,4096,f16,smem,native,32,4,32768,128,2.20451,243.532,0.474937
32768,4096,f16,smem,native,32,16,32768,512,2.25938,237.619,0.463405
32768,4096,bf16,smem,native,32,1,32768,32,7.15779,75.0051,0.146275
32768,4096,bf16,smem,native,32,4,32768,128,2.30215,233.204,0.454794
32768,4096,bf16,smem,native,32,16,32768,512,2.04629,262.364,0.511662
32768,4096,bf16,smem,native,32,1,32768,32,7.15635,75.0202,0.146304
32768,4096,bf16,smem,native,32,4,32768,128,2.3021,233.21,0.454805
32768,4096,bf16,smem,native,32,16,32768,512,2.04669,262.312,0.51156
32768,4096,bf16,smem,native,32,1,32768,32,7.15693,75.0141,0.146293
32768,4096,bf16,smem,native,32,4,32768,128,2.30247,233.172,0.454732
32768,4096,bf16,smem,native,32,16,32768,512,2.04634,262.356,0.511647
131072,4096,f16,smem,native,32,1,131072,32,25.5086,84.1867,0.164181
131072,4096,f16,smem,native,32,4,131072,128,8.64454,248.421,0.48447
131072,4096,f16,smem,native,32,16,131072,512,8.92667,240.569,0.469158
131072,4096,f16,smem,native,32,1,131072,32,25.5091,84.1851,0.164178
131072,4096,f16,smem,native,32,4,131072,128,8.64366,248.446,0.48452
131072,4096,f16,smem,native,32,16,131072,512,8.92703,240.56,0.46914
131072,4096,f16,smem,native,32,1,131072,32,25.5069,84.1924,0.164192
131072,4096,f16,smem,native,32,4,131072,128,8.64418,248.431,0.48449
131072,4096,f16,smem,native,32,16,131072,512,8.92206,240.694,0.469401
131072,4096,bf16,smem,native,32,1,131072,32,28.4151,75.5754,0.147387
131072,4096,bf16,smem,native,32,4,131072,128,9.01088,238.321,0.464774
131072,4096,bf16,smem,native,32,16,131072,512,8.04809,266.832,0.520375
131072,4096,bf16,smem,native,32,1,131072,32,28.411,75.5862,0.147408
131072,4096,bf16,smem,native,32,4,131072,128,9.01086,238.322,0.464775
131072,4096,bf16,smem,native,32,16,131072,512,8.05203,266.701,0.52012
131072,4096,bf16,smem,native,32,1,131072,32,28.4278,75.5418,0.147322
131072,4096,bf16,smem,native,32,4,131072,128,9.01567,238.195,0.464527
131072,4096,bf16,smem,native,32,16,131072,512,8.05198,266.702,0.520123
2048,8192,f16,smem,native,32,1,2048,32,1.91541,35.0363,0.0683278
2048,8192,f16,smem,native,32,4,2048,128,0.598731,112.085,0.218589
2048,8192,f16,smem,native,32,16,2048,512,0.331615,202.37,0.394662
2048,8192,f16,smem,native,32,1,2048,32,1.91888,34.9729,0.0682042
2048,8192,f16,smem,native,32,4,2048,128,0.596907,112.428,0.219256
2048,8192,f16,smem,native,32,16,2048,512,0.331689,202.324,0.394573
2048,8192,f16,smem,native,32,1,2048,32,1.91271,35.0857,0.0684242
2048,8192,f16,smem,native,32,4,2048,128,0.598845,112.064,0.218547
2048,8192,f16,smem,native,32,16,2048,512,0.331649,202.349,0.394621
2048,8192,bf16,smem,native,32,1,2048,32,2.22286,30.1903,0.0588772
2048,8192,bf16,smem,native,32,4,2048,128,0.663464,101.149,0.197261
2048,8192,bf16,smem,native,32,16,2048,512,0.312195,214.958,0.419212
2048,8192,bf16,smem,native,32,1,2048,32,2.20741,30.4016,0.0592892
2048,8192,bf16,smem,native,32,4,2048,128,0.662515,101.294,0.197544
2048,8192,bf16,smem,native,32,16,2048,512,0.312338,214.86,0.419019
2048,8192,bf16,smem,native,32,1,2048,32,2.22268,30.1927,0.0588819
2048,8192,bf16,smem,native,32,4,2048,128,0.663419,101.156,0.197275
2048,8192,bf16,smem,native,32,16,2048,512,0.31234,214.858,0.419017
8192,8192,f16,smem,native,32,1,8192,32,6.62736,40.5041,0.0789912
8192,8192,f16,smem,native,32,4,8192,128,2.00192,134.089,0.2615
8192,8192,f16,smem,native,32,16,8192,512,1.19903,223.876,0.436604
8192,8192,f16,smem,native,32,1,8192,32,6.63389,40.4642,0.0789134
8192,8192,f16,smem,native,32,4,8192,128,2.00203,134.082,0.261486
8192,8192,f16,smem,native,32,16,8192,512,1.19908,223.867,0.436586
8192,8192,f16,smem,native,32,1,8192,32,6.62718,40.5053,0.0789933
8192,8192,f16,smem,native,32,4,8192,128,2.00193,134.088,0.261499
8192,8192,f16,smem,native,32,16,8192,512,1.19905,223.874,0.436598
8192,8192,bf16,smem,native,32,1,8192,32,7.64071,35.1323,0.068515
8192,8192,bf16,smem,native,32,4,8192,128,2.21168,121.371,0.236699
8192,8192,bf16,smem,native,32,16,8192,512,1.08802,246.719,0.481152
8192,8192,bf16,smem,native,32,1,8192,32,7.64093,35.1313,0.068513
8192,8192,bf16,smem,native,32,4,8192,128,2.21157,121.378,0.23671
8192,8192,bf16,smem,native,32,16,8192,512,1.08807,246.708,0.481129
8192,8192,bf16,smem,native,32,1,8192,32,7.64139,35.1291,0.0685089
8192,8192,bf16,smem,native,32,4,8192,128,2.21149,121.382,0.236719
8192,8192,bf16,smem,native,32,16,8192,512,1.08814,246.692,0.481099
32768,8192,f16,smem,native,32,1,32768,32,25.7971,41.6226,0.0811723
32768,8192,f16,smem,native,32,4,32768,128,7.70683,139.323,0.271708
32768,8192,f16,smem,native,32,16,32768,512,4.66711,230.065,0.448674
32768,8192,f16,smem,native,32,1,32768,32,25.8002,41.6176,0.0811627
32768,8192,f16,smem,native,32,4,32768,128,7.70681,139.324,0.271709
32768,8192,f16,smem,native,32,16,32768,512,4.66764,230.039,0.448623
32768,8192,f16,smem,native,32,1,32768,32,25.7972,41.6224,0.0811721
32768,8192,f16,smem,native,32,4,32768,128,7.70674,139.325,0.271712
32768,8192,f16,smem,native,32,16,32768,512,4.66782,230.031,0.448606
32768,8192,bf16,smem,native,32,1,32768,32,29.6606,36.2009,0.0705991
32768,8192,bf16,smem,native,32,4,32768,128,8.50416,126.261,0.246234
32768,8192,bf16,smem,native,32,16,32768,512,4.18701,256.446,0.500121
32768,8192,bf16,smem,native,32,1,32768,32,29.6571,36.2052,0.0706074
32768,8192,bf16,smem,native,32,4,32768,128,8.50363,126.269,0.246249
32768,8192,bf16,smem,native,32,16,32768,512,4.1869,256.453,0.500134
32768,8192,bf16,smem,native,32,1,32768,32,29.6678,36.1922,0.070582
32768,8192,bf16,smem,native,32,4,32768,128,8.50421,126.26,0.246232
32768,8192,bf16,smem,native,32,16,32768,512,4.18691,256.452,0.500133
131072,8192,f16,smem,native,32,1,131072,32,102.417,41.9362,0.081784
131072,8192,f16,smem,native,32,4,131072,128,30.4878,140.875,0.274734
131072,8192,f16,smem,native,32,16,131072,512,18.5384,231.68,0.451822
131072,8192,f16,smem,native,32,1,131072,32,102.424,41.9331,0.081778
131072,8192,f16,smem,native,32,4,131072,128,30.4865,140.881,0.274746
131072,8192,f16,smem,native,32,16,131072,512,18.5382,231.682,0.451826
131072,8192,f16,smem,native,32,1,131072,32,102.425,41.9328,0.0817773
131072,8192,f16,smem,native,32,4,131072,128,30.4847,140.889,0.274762
131072,8192,f16,smem,native,32,16,131072,512,18.5378,231.687,0.451836
131072,8192,bf16,smem,native,32,1,131072,32,117.751,36.4749,0.0711332
131072,8192,bf16,smem,native,32,4,131072,128,33.6074,127.798,0.249232
131072,8192,bf16,smem,native,32,16,131072,512,16.5821,259.013,0.505126
131072,8192,bf16,smem,native,32,1,131072,32,117.746,36.4765,0.0711365
131072,8192,bf16,smem,native,32,4,131072,128,33.6061,127.803,0.249242
131072,8192,bf16,smem,native,32,16,131072,512,16.5823,259.009,0.50512
131072,8192,bf16,smem,native,32,1,131072,32,117.74,36.4785,0.0711403
131072,8192,bf16,smem,native,32,4,131072,128,33.6063,127.802,0.24924
131072,8192,bf16,smem,native,32,16,131072,512,16.5825,259.006,0.505113
2048,16384,f16,smem,native,32,1,2048,32,7.49627,17.9046,0.0349176
2048,16384,f16,smem,native,32,4,2048,128,2.19113,61.2551,0.11946
2048,16384,f16,smem,native,32,16,2048,512,0.753934,178.023,0.347181
2048,16384,f16,smem,native,32,1,2048,32,7.4965,17.9041,0.0349165
2048,16384,f16,smem,native,32,4,2048,128,2.19116,61.2543,0.119458
2048,16384,f16,smem,native,32,16,2048,512,0.754046,177.997,0.347129
2048,16384,f16,smem,native,32,1,2048,32,7.49685,17.9032,0.0349148
2048,16384,f16,smem,native,32,4,2048,128,2.19092,61.261,0.119471
2048,16384,f16,smem,native,32,16,2048,512,0.754301,177.937,0.347012
2048,16384,bf16,smem,native,32,1,2048,32,9.80133,13.6938,0.0267057
2048,16384,bf16,smem,native,32,4,2048,128,2.37324,56.5547,0.110293
2048,16384,bf16,smem,native,32,16,2048,512,0.777354,172.66,0.336721
2048,16384,bf16,smem,native,32,1,2048,32,9.80951,13.6824,0.0266834
2048,16384,bf16,smem,native,32,4,2048,128,2.37319,56.5558,0.110295
2048,16384,bf16,smem,native,32,16,2048,512,0.777142,172.707,0.336813
2048,16384,bf16,smem,native,32,1,2048,32,9.79284,13.7057,0.0267289
2048,16384,bf16,smem,native,32,4,2048,128,2.37323,56.5549,0.110293
2048,16384,bf16,smem,native,32,16,2048,512,0.777518,172.623,0.33665
8192,16384,f16,smem,native,32,1,8192,32,28.0161,19.1629,0.0373715
8192,16384,f16,smem,native,32,4,8192,128,8.12004,66.1168,0.128941
8192,16384,f16,smem,native,32,16,8192,512,2.83989,189.046,0.368678
8192,16384,f16,smem,native,32,1,8192,32,28.0226,19.1585,0.0373629
8192,16384,f16,smem,native,32,4,8192,128,8.12218,66.0993,0.128907
8192,16384,f16,smem,native,32,16,8192,512,2.83892,189.111,0.368804
8192,16384,f16,smem,native,32,1,8192,32,28.0156,19.1633,0.0373722
8192,16384,f16,smem,native,32,4,8192,128,8.1196,66.1204,0.128948
8192,16384,f16,smem,native,32,16,8192,512,2.83953,189.07,0.368725
8192,16384,bf16,smem,native,32,1,8192,32,37.8266,14.1929,0.0276791
8192,16384,bf16,smem,native,32,4,8192,128,8.79234,61.0612,0.119082
8192,16384,bf16,smem,native,32,16,8192,512,2.90928,184.537,0.359885
8192,16384,bf16,smem,native,32,1,8192,32,37.8529,14.1831,0.0276598
8192,16384,bf16,smem,native,32,4,8192,128,8.79208,61.063,0.119085
8192,16384,bf16,smem,native,32,16,8192,512,2.90883,184.566,0.359941
8192,16384,bf16,smem,native,32,1,8192,32,37.8441,14.1864,0.0276663
8192,16384,bf16,smem,native,32,4,8192,128,8.79023,61.0758,0.11911
8192,16384,bf16,smem,native,32,16,8192,512,2.9086,184.581,0.359969
32768,16384,f16,smem,native,32,1,32768,32,109.794,19.5592,0.0381444
32768,16384,f16,smem,native,32,4,32768,128,31.749,67.6393,0.13191
32768,16384,f16,smem,native,32,16,32768,512,11.1653,192.336,0.375094
32768,16384,f16,smem,native,32,1,32768,32,109.789,19.56,0.038146
32768,16384,f16,smem,native,32,4,32768,128,31.7491,67.6392,0.13191
32768,16384,f16,smem,native,32,16,32768,512,11.1637,192.363,0.375146
32768,16384,f16,smem,native,32,1,32768,32,109.787,19.5604,0.0381467
32768,16384,f16,smem,native,32,4,32768,128,31.7493,67.6387,0.131909
32768,16384,f16,smem,native,32,16,32768,512,11.1655,192.331,0.375084
32768,16384,bf16,smem,native,32,1,32768,32,149.586,14.3562,0.0279975
32768,16384,bf16,smem,native,32,4,32768,128,34.3661,62.4884,0.121865
32768,16384,bf16,smem,native,32,16,32768,512,11.4261,187.945,0.36653
32768,16384,bf16,smem,native,32,1,32768,32,149.582,14.3566,0.0279982
32768,16384,bf16,smem,native,32,4,32768,128,34.366,62.4886,0.121865
32768,16384,bf16,smem,native,32,16,32768,512,11.4256,187.953,0.366546
32768,16384,bf16,smem,native,32,1,32768,32,149.658,14.3493,0.027984
32768,16384,bf16,smem,native,32,4,32768,128,34.365,62.4905,0.121869
32768,16384,bf16,smem,native,32,16,32768,512,11.4226,188.004,0.366645
